timestamp,open,high,low,close,volume
2025-12-27 12:00:00,1.764,1.772,1.761,1.769,145893.27
2025-12-27 13:00:00,1.769,1.774,1.762,1.766,98888.32
2025-12-27 14:00:00,1.766,1.774,1.766,1.774,35480.3
2025-12-27 15:00:00,1.774,1.822,1.772,1.801,451037.36
2025-12-27 16:00:00,1.801,1.821,1.801,1.801,284999.05
2025-12-27 17:00:00,1.801,1.819,1.797,1.818,121077.7
2025-12-27 18:00:00,1.818,1.846,1.817,1.831,266426.13
2025-12-27 19:00:00,1.831,1.841,1.822,1.833,187383.2
2025-12-27 20:00:00,1.833,1.849,1.832,1.843,176976.25
2025-12-27 21:00:00,1.843,1.881,1.841,1.88,169251.55
2025-12-27 22:00:00,1.88,1.892,1.858,1.873,103855.99
2025-12-27 23:00:00,1.873,1.925,1.87,1.909,626144.24
2025-12-28 00:00:00,1.909,1.913,1.885,1.885,109639.63
2025-12-28 01:00:00,1.885,1.887,1.873,1.882,97604.19
2025-12-28 02:00:00,1.882,1.886,1.876,1.876,31877.93
2025-12-28 03:00:00,1.876,1.881,1.869,1.871,27231.21
2025-12-28 04:00:00,1.871,1.883,1.867,1.879,80246.68
2025-12-28 05:00:00,1.879,1.893,1.877,1.89,39009.43
2025-12-28 06:00:00,1.89,1.891,1.884,1.887,50817.56
2025-12-28 07:00:00,1.887,1.895,1.885,1.89,37343.66
2025-12-28 08:00:00,1.89,1.897,1.888,1.889,38875.9
2025-12-28 09:00:00,1.889,1.889,1.878,1.88,128780.01
2025-12-28 10:00:00,1.88,1.891,1.879,1.887,80195.09
2025-12-28 11:00:00,1.887,1.891,1.875,1.879,45666.95
2025-12-28 12:00:00,1.879,1.88,1.868,1.87,52530.3
2025-12-28 13:00:00,1.87,1.878,1.87,1.876,43344.56
2025-12-28 14:00:00,1.876,1.884,1.872,1.88,34381.25
2025-12-28 15:00:00,1.88,1.887,1.874,1.877,81937.44
2025-12-28 16:00:00,1.877,1.877,1.87,1.873,100075.44
2025-12-28 17:00:00,1.873,1.881,1.872,1.875,111451.4
2025-12-28 18:00:00,1.875,1.877,1.842,1.843,357522.84
2025-12-28 19:00:00,1.843,1.845,1.833,1.842,137918.35
2025-12-28 20:00:00,1.842,1.845,1.838,1.838,104821.58
2025-12-28 21:00:00,1.838,1.843,1.835,1.84,44330.55
2025-12-28 22:00:00,1.84,1.846,1.827,1.842,223463.19
2025-12-28 23:00:00,1.842,1.85,1.837,1.849,58814.09
2025-12-29 00:00:00,1.849,1.866,1.843,1.859,122387.81
2025-12-29 01:00:00,1.859,1.878,1.845,1.867,117252.37
2025-12-29 02:00:00,1.867,1.882,1.856,1.866,844302.77
2025-12-29 03:00:00,1.866,1.896,1.865,1.895,207191.37
2025-12-29 04:00:00,1.895,1.902,1.889,1.889,169181.6
2025-12-29 05:00:00,1.889,1.898,1.883,1.891,110685.19
2025-12-29 06:00:00,1.891,1.897,1.886,1.89,97523
2025-12-29 07:00:00,1.89,1.892,1.873,1.887,155399.03
2025-12-29 08:00:00,1.887,1.889,1.87,1.873,76241.28
2025-12-29 09:00:00,1.873,1.876,1.841,1.853,265157.62
2025-12-29 10:00:00,1.853,1.866,1.851,1.859,103662.03
2025-12-29 11:00:00,1.859,1.861,1.846,1.847,139382.22
2025-12-29 12:00:00,1.847,1.852,1.817,1.835,252837.55
2025-12-29 13:00:00,1.835,1.839,1.823,1.825,71157.64
2025-12-29 14:00:00,1.825,1.855,1.823,1.837,179722.35
2025-12-29 15:00:00,1.837,1.869,1.835,1.854,177862.66
2025-12-29 16:00:00,1.854,1.857,1.834,1.845,81738.69
2025-12-29 17:00:00,1.845,1.854,1.837,1.846,149589.28
2025-12-29 18:00:00,1.846,1.85,1.832,1.835,120711.1
2025-12-29 19:00:00,1.835,1.846,1.831,1.838,120721.18
2025-12-29 20:00:00,1.838,1.845,1.828,1.831,175855.73
2025-12-29 21:00:00,1.831,1.839,1.83,1.833,93597.04
2025-12-29 22:00:00,1.833,1.836,1.826,1.834,89676.34
2025-12-29 23:00:00,1.834,1.835,1.82,1.822,92518.4
2025-12-30 00:00:00,1.822,1.825,1.801,1.81,178472.11
2025-12-30 01:00:00,1.81,1.812,1.805,1.807,75537.97
2025-12-30 02:00:00,1.807,1.811,1.796,1.802,92054.24
2025-12-30 03:00:00,1.802,1.81,1.791,1.808,43114.84
2025-12-30 04:00:00,1.808,1.812,1.802,1.803,35755.03
2025-12-30 05:00:00,1.803,1.807,1.793,1.799,152332.29
2025-12-30 06:00:00,1.799,1.817,1.798,1.812,74283.83
2025-12-30 07:00:00,1.812,1.817,1.808,1.809,74862.54
2025-12-30 08:00:00,1.809,1.839,1.809,1.828,144357.04
2025-12-30 09:00:00,1.828,1.83,1.819,1.827,69997.32
2025-12-30 10:00:00,1.827,1.832,1.822,1.825,68589.02
2025-12-30 11:00:00,1.825,1.825,1.818,1.822,52671.47
2025-12-30 12:00:00,1.822,1.83,1.819,1.819,74497.03
2025-12-30 13:00:00,1.819,1.824,1.815,1.816,74584.37
2025-12-30 14:00:00,1.816,1.832,1.796,1.824,238791.54
2025-12-30 15:00:00,1.824,1.844,1.806,1.841,346839.5
2025-12-30 16:00:00,1.841,1.843,1.822,1.83,226018.25
2025-12-30 17:00:00,1.83,1.832,1.819,1.826,117615.5
2025-12-30 18:00:00,1.826,1.828,1.815,1.818,129749.96
2025-12-30 19:00:00,1.818,1.828,1.807,1.827,106517.97
2025-12-30 20:00:00,1.827,1.828,1.814,1.816,71386.34
2025-12-30 21:00:00,1.816,1.818,1.808,1.812,78336.65
2025-12-30 22:00:00,1.812,1.816,1.806,1.81,63346.22
2025-12-30 23:00:00,1.81,1.814,1.808,1.81,94440.02
2025-12-31 00:00:00,1.81,1.81,1.799,1.81,62620.3
2025-12-31 01:00:00,1.81,1.833,1.805,1.824,293392.44
2025-12-31 02:00:00,1.824,1.827,1.818,1.822,114635.36
2025-12-31 03:00:00,1.822,1.823,1.809,1.811,47607.87
2025-12-31 04:00:00,1.811,1.816,1.809,1.814,74915.71
2025-12-31 05:00:00,1.814,1.817,1.811,1.811,39629.09
2025-12-31 06:00:00,1.811,1.812,1.805,1.81,80111.72
2025-12-31 07:00:00,1.81,1.813,1.804,1.807,44725.07
2025-12-31 08:00:00,1.807,1.814,1.802,1.804,72593.3
2025-12-31 09:00:00,1.804,1.809,1.803,1.809,52227.73
2025-12-31 10:00:00,1.809,1.81,1.801,1.804,89713.59
2025-12-31 11:00:00,1.804,1.821,1.804,1.821,83538.95
2025-12-31 12:00:00,1.821,1.822,1.808,1.812,95592.22
2025-12-31 13:00:00,1.812,1.827,1.809,1.825,64958.3
2025-12-31 14:00:00,1.825,1.842,1.81,1.818,406939.52
2025-12-31 15:00:00,1.818,1.821,1.801,1.811,182998.41
2025-12-31 16:00:00,1.811,1.811,1.764,1.78,433707.02
2025-12-31 17:00:00,1.78,1.784,1.767,1.769,173174.61
2025-12-31 18:00:00,1.769,1.78,1.763,1.77,193195.59
2025-12-31 19:00:00,1.77,1.785,1.77,1.774,336848.53
2025-12-31 20:00:00,1.774,1.786,1.763,1.782,257983.47
2025-12-31 21:00:00,1.782,1.793,1.782,1.793,131624.12
2025-12-31 22:00:00,1.793,1.794,1.783,1.783,207707.98
2025-12-31 23:00:00,1.783,1.792,1.779,1.787,118466.17
2026-01-01 00:00:00,1.787,1.789,1.777,1.778,155326.35
2026-01-01 01:00:00,1.778,1.789,1.777,1.78,98761.25
2026-01-01 02:00:00,1.78,1.781,1.775,1.777,111013.09
2026-01-01 03:00:00,1.777,1.778,1.771,1.773,78026.56
2026-01-01 04:00:00,1.773,1.773,1.763,1.767,168009.8
2026-01-01 05:00:00,1.767,1.786,1.767,1.783,82843.18
2026-01-01 06:00:00,1.783,1.785,1.781,1.781,48107.79
2026-01-01 07:00:00,1.781,1.786,1.781,1.783,23940.14
2026-01-01 08:00:00,1.783,1.792,1.782,1.792,24628.64
2026-01-01 09:00:00,1.792,1.804,1.792,1.798,53137.57
2026-01-01 10:00:00,1.798,1.8,1.795,1.8,41432.57
2026-01-01 11:00:00,1.8,1.806,1.799,1.805,16843.52
2026-01-01 12:00:00,1.805,1.814,1.802,1.814,51478.09
2026-01-01 13:00:00,1.814,1.839,1.812,1.838,142027.75
2026-01-01 14:00:00,1.838,1.872,1.83,1.86,1256488.76
2026-01-01 15:00:00,1.86,1.899,1.858,1.891,276216.05
2026-01-01 16:00:00,1.891,1.914,1.891,1.903,371004.1
2026-01-01 17:00:00,1.903,1.943,1.903,1.943,270721.86
2026-01-01 18:00:00,1.943,1.977,1.938,1.974,388719.19
2026-01-01 19:00:00,1.974,2.002,1.955,1.999,391013.63
2026-01-01 20:00:00,1.999,2.011,1.977,1.988,329533.42
2026-01-01 21:00:00,1.988,2.006,1.978,2.001,178519.16
2026-01-01 22:00:00,2.001,2.029,1.989,2.018,222457.22
2026-01-01 23:00:00,2.018,2.024,1.995,1.996,153715.29
2026-01-02 00:00:00,1.996,2.005,1.987,1.992,94159.21
2026-01-02 01:00:00,1.992,1.999,1.986,1.994,62887.84
2026-01-02 02:00:00,1.994,2.001,1.983,1.999,80342.08
2026-01-02 03:00:00,1.999,2.009,1.993,2.005,81953.65
2026-01-02 04:00:00,2.005,2.008,1.981,1.985,73120.37
2026-01-02 05:00:00,1.985,1.994,1.98,1.992,48336.95
2026-01-02 06:00:00,1.992,2.001,1.991,1.991,46988.1
2026-01-02 07:00:00,1.991,1.995,1.979,1.98,43941.31
2026-01-02 08:00:00,1.98,1.987,1.967,1.975,93958.89
2026-01-02 09:00:00,1.975,2.007,1.973,1.994,127337.33
2026-01-02 10:00:00,1.994,2,1.988,1.998,274077.93
2026-01-02 11:00:00,1.998,1.998,1.98,1.988,104035.42
2026-01-02 12:00:00,1.988,2.004,1.978,2.001,171758.67
2026-01-02 13:00:00,2.001,2.003,1.989,1.991,58478.62
2026-01-02 14:00:00,1.991,2.018,1.978,2.003,201180.74
2026-01-02 15:00:00,2.003,2.022,1.986,2.005,185282.57
2026-01-02 16:00:00,2.005,2.055,2.004,2.052,953826.72
2026-01-02 17:00:00,2.052,2.065,2.04,2.05,1027537.64
2026-01-02 18:00:00,2.05,2.053,2.037,2.049,152090.61
2026-01-02 19:00:00,2.049,2.123,2.045,2.112,418534.52
2026-01-02 20:00:00,2.112,2.125,2.083,2.091,350933.21
2026-01-02 21:00:00,2.091,2.133,2.08,2.12,469651.22
2026-01-02 22:00:00,2.12,2.156,2.116,2.136,300328.9
2026-01-02 23:00:00,2.136,2.169,2.131,2.164,307226.17
2026-01-03 00:00:00,2.164,2.217,2.162,2.192,834098.15
2026-01-03 01:00:00,2.192,2.197,2.161,2.167,357538.98
2026-01-03 02:00:00,2.167,2.172,2.154,2.162,255179.17
2026-01-03 03:00:00,2.162,2.167,2.148,2.164,94311.59
2026-01-03 04:00:00,2.164,2.164,2.144,2.147,62526.22
2026-01-03 05:00:00,2.147,2.152,2.137,2.144,46523.58
2026-01-03 06:00:00,2.144,2.157,2.133,2.141,65031.11
2026-01-03 07:00:00,2.141,2.145,2.11,2.112,165154.97
2026-01-03 08:00:00,2.112,2.141,2.109,2.122,174038.02
2026-01-03 09:00:00,2.122,2.131,2.11,2.123,57249.91
2026-01-03 10:00:00,2.123,2.124,2.112,2.112,40853.96
2026-01-03 11:00:00,2.112,2.118,2.111,2.113,59367.04
2026-01-03 12:00:00,2.113,2.126,2.111,2.123,84390.63
2026-01-03 13:00:00,2.123,2.132,2.112,2.122,232832.24
2026-01-03 14:00:00,2.122,2.132,2.119,2.126,90993.38
2026-01-03 15:00:00,2.126,2.139,2.123,2.128,46086.54
2026-01-03 16:00:00,2.128,2.149,2.128,2.14,57329.16
2026-01-03 17:00:00,2.14,2.141,2.122,2.133,45616.22
2026-01-03 18:00:00,2.133,2.14,2.129,2.139,23917.97
2026-01-03 19:00:00,2.139,2.139,2.133,2.135,53444.51
2026-01-03 20:00:00,2.135,2.137,2.127,2.13,31736.98
2026-01-03 21:00:00,2.13,2.145,2.121,2.123,118774.23
2026-01-03 22:00:00,2.123,2.133,2.12,2.128,61897.38
2026-01-03 23:00:00,2.128,2.129,2.122,2.124,85672.39
2026-01-04 00:00:00,2.124,2.144,2.121,2.13,137109.56
2026-01-04 01:00:00,2.13,2.131,2.116,2.126,39006.11
2026-01-04 02:00:00,2.126,2.133,2.121,2.124,27826.86
2026-01-04 03:00:00,2.124,2.139,2.124,2.129,50964.79
2026-01-04 04:00:00,2.129,2.139,2.126,2.134,37434.09
2026-01-04 05:00:00,2.134,2.145,2.132,2.145,34015.4
2026-01-04 06:00:00,2.145,2.155,2.121,2.122,109114.43
2026-01-04 07:00:00,2.122,2.142,2.122,2.136,37653.33
2026-01-04 08:00:00,2.136,2.139,2.123,2.135,50141.29
2026-01-04 09:00:00,2.135,2.151,2.129,2.147,68707.38
2026-01-04 10:00:00,2.147,2.154,2.142,2.144,72505.6
2026-01-04 11:00:00,2.144,2.157,2.136,2.155,91409.66
2026-01-04 12:00:00,2.155,2.179,2.153,2.16,188227.7
2026-01-04 13:00:00,2.16,2.163,2.148,2.162,68784.94
2026-01-04 14:00:00,2.162,2.165,2.151,2.16,44743.57
2026-01-04 15:00:00,2.16,2.167,2.155,2.166,41653.3
2026-01-04 16:00:00,2.166,2.179,2.165,2.179,86817.36
2026-01-04 17:00:00,2.179,2.179,2.162,2.166,303675.84
2026-01-04 18:00:00,2.166,2.167,2.138,2.147,131620.08
2026-01-04 19:00:00,2.147,2.147,2.119,2.136,214491.37
2026-01-04 20:00:00,2.136,2.142,2.133,2.139,88569.07
2026-01-04 21:00:00,2.139,2.152,2.13,2.136,94929.24
2026-01-04 22:00:00,2.136,2.15,2.135,2.146,80278.26
2026-01-04 23:00:00,2.146,2.159,2.136,2.142,52033.46
2026-01-05 00:00:00,2.142,2.154,2.122,2.139,237154.88
2026-01-05 01:00:00,2.139,2.171,2.126,2.158,292997.17
2026-01-05 02:00:00,2.158,2.166,2.136,2.148,139218.2
2026-01-05 03:00:00,2.148,2.156,2.14,2.153,42278.84
2026-01-05 04:00:00,2.153,2.154,2.115,2.136,116102.69
2026-01-05 05:00:00,2.136,2.141,2.125,2.126,38915.96
2026-01-05 06:00:00,2.126,2.132,2.108,2.129,69167.38
2026-01-05 07:00:00,2.129,2.149,2.124,2.146,78493.12
2026-01-05 08:00:00,2.146,2.151,2.122,2.124,177757.86
2026-01-05 09:00:00,2.124,2.124,2.109,2.113,80727.21
2026-01-05 10:00:00,2.113,2.131,2.108,2.109,69581.17
2026-01-05 11:00:00,2.109,2.114,2.095,2.114,145266.51
2026-01-05 12:00:00,2.114,2.133,2.109,2.131,48895.27
2026-01-05 13:00:00,2.131,2.133,2.114,2.124,52321.56
2026-01-05 14:00:00,2.124,2.164,2.122,2.155,131993.99
2026-01-05 15:00:00,2.155,2.202,2.142,2.194,248938.13
2026-01-05 16:00:00,2.194,2.201,2.166,2.182,434907.98
2026-01-05 17:00:00,2.182,2.207,2.156,2.2,185359.58
2026-01-05 18:00:00,2.2,2.219,2.191,2.216,454608.68
2026-01-05 19:00:00,2.216,2.218,2.184,2.19,125313
2026-01-05 20:00:00,2.19,2.219,2.19,2.201,245751.74
2026-01-05 21:00:00,2.201,2.214,2.198,2.208,204906.83
2026-01-05 22:00:00,2.208,2.234,2.202,2.217,220295.88
2026-01-05 23:00:00,2.217,2.217,2.204,2.207,112360.39
2026-01-06 00:00:00,2.207,2.21,2.182,2.21,145092.58
2026-01-06 01:00:00,2.21,2.239,2.201,2.202,199324.2
2026-01-06 02:00:00,2.202,2.215,2.196,2.203,62818.81
2026-01-06 03:00:00,2.203,2.227,2.201,2.22,48918.4
2026-01-06 04:00:00,2.22,2.223,2.211,2.213,208882.71
2026-01-06 05:00:00,2.213,2.226,2.209,2.213,93711.26
2026-01-06 06:00:00,2.213,2.244,2.199,2.234,175417.11
2026-01-06 07:00:00,2.234,2.234,2.18,2.187,76528.93
2026-01-06 08:00:00,2.187,2.204,2.184,2.19,65848.26
2026-01-06 09:00:00,2.19,2.201,2.187,2.188,50921.57
2026-01-06 10:00:00,2.188,2.209,2.183,2.206,201474.33
2026-01-06 11:00:00,2.206,2.222,2.205,2.218,86977.31
2026-01-06 12:00:00,2.218,2.246,2.218,2.238,103476.26
2026-01-06 13:00:00,2.238,2.238,2.221,2.226,208427.8
2026-01-06 14:00:00,2.226,2.262,2.209,2.218,418742.63
2026-01-06 15:00:00,2.218,2.236,2.184,2.196,321814.28
2026-01-06 16:00:00,2.196,2.203,2.147,2.167,320077.49
2026-01-06 17:00:00,2.167,2.184,2.117,2.119,398821.08
2026-01-06 18:00:00,2.119,2.16,2.115,2.156,102271.57
2026-01-06 19:00:00,2.156,2.158,2.146,2.148,52813.81
2026-01-06 20:00:00,2.148,2.179,2.148,2.171,37186.16
2026-01-06 21:00:00,2.171,2.228,2.165,2.223,340105.24
2026-01-06 22:00:00,2.223,2.233,2.206,2.218,193987.81
2026-01-06 23:00:00,2.218,2.24,2.218,2.234,220358.96
2026-01-07 00:00:00,2.234,2.236,2.191,2.193,64924.75
2026-01-07 01:00:00,2.193,2.201,2.179,2.183,87081.78
2026-01-07 02:00:00,2.183,2.194,2.174,2.191,105730.48
2026-01-07 03:00:00,2.191,2.202,2.184,2.188,22180.11
2026-01-07 04:00:00,2.188,2.207,2.188,2.194,45195.07
2026-01-07 05:00:00,2.194,2.212,2.194,2.194,31748.42
2026-01-07 06:00:00,2.194,2.2,2.19,2.192,37221.65
2026-01-07 07:00:00,2.192,2.237,2.191,2.237,145355.31
2026-01-07 08:00:00,2.237,2.246,2.219,2.236,208430.76
2026-01-07 09:00:00,2.236,2.236,2.179,2.182,172643.28
2026-01-07 10:00:00,2.182,2.189,2.177,2.183,61317.3
2026-01-07 11:00:00,2.183,2.196,2.18,2.196,110674.47
2026-01-07 12:00:00,2.196,2.196,2.173,2.174,80454.73
2026-01-07 13:00:00,2.174,2.186,2.165,2.165,115406.27
2026-01-07 14:00:00,2.165,2.17,2.132,2.165,355104.6
2026-01-07 15:00:00,2.165,2.167,2.127,2.135,206605.53
2026-01-07 16:00:00,2.135,2.152,2.131,2.141,73100.54
2026-01-07 17:00:00,2.141,2.17,2.138,2.151,79272.34
2026-01-07 18:00:00,2.151,2.166,2.145,2.15,138892.04
2026-01-07 19:00:00,2.15,2.154,2.128,2.143,93479.44
2026-01-07 20:00:00,2.143,2.146,2.123,2.132,55682.08
2026-01-07 21:00:00,2.132,2.138,2.13,2.131,59082.98
2026-01-07 22:00:00,2.131,2.148,2.124,2.133,47257.63
2026-01-07 23:00:00,2.133,2.156,2.12,2.143,51852.13
2026-01-08 00:00:00,2.143,2.152,2.136,2.15,26466.58
2026-01-08 01:00:00,2.15,2.153,2.141,2.149,96784.71
2026-01-08 02:00:00,2.149,2.154,2.129,2.133,69403.33
2026-01-08 03:00:00,2.133,2.146,2.116,2.121,34777.79
2026-01-08 04:00:00,2.121,2.142,2.116,2.136,66747.43
2026-01-08 05:00:00,2.136,2.148,2.131,2.132,39864.03
2026-01-08 06:00:00,2.132,2.134,2.094,2.094,160595.51
2026-01-08 07:00:00,2.094,2.129,2.082,2.125,301384.67
2026-01-08 08:00:00,2.125,2.137,2.108,2.11,33910.34
2026-01-08 09:00:00,2.11,2.12,2.092,2.095,55176.68
2026-01-08 10:00:00,2.095,2.128,2.082,2.124,222285.71
2026-01-08 11:00:00,2.124,2.125,2.106,2.12,117710.91
2026-01-08 12:00:00,2.12,2.122,2.094,2.099,76515.92
2026-01-08 13:00:00,2.099,2.103,2.087,2.102,42075.04
2026-01-08 14:00:00,2.102,2.122,2.088,2.12,192802.75
2026-01-08 15:00:00,2.12,2.153,2.109,2.152,139576.82
2026-01-08 16:00:00,2.152,2.155,2.124,2.145,136924.32
2026-01-08 17:00:00,2.145,2.151,2.13,2.147,68932.99
2026-01-08 18:00:00,2.147,2.149,2.113,2.116,85381.69
2026-01-08 19:00:00,2.116,2.131,2.111,2.113,78962.91
2026-01-08 20:00:00,2.113,2.113,2.093,2.106,51353.66
2026-01-08 21:00:00,2.106,2.121,2.103,2.119,40963.92
2026-01-08 22:00:00,2.119,2.128,2.107,2.117,40404.02
2026-01-08 23:00:00,2.117,2.122,2.108,2.11,10821.84
2026-01-09 00:00:00,2.11,2.116,2.095,2.103,143811.66
2026-01-09 01:00:00,2.103,2.122,2.084,2.095,305813.74
2026-01-09 02:00:00,2.095,2.112,2.089,2.09,48687.55
2026-01-09 03:00:00,2.09,2.109,2.088,2.109,79919.01
2026-01-09 04:00:00,2.109,2.11,2.1,2.102,24079
2026-01-09 05:00:00,2.102,2.105,2.095,2.105,36254.27
2026-01-09 06:00:00,2.105,2.114,2.101,2.113,132021.95
2026-01-09 07:00:00,2.113,2.113,2.102,2.102,100502.61
2026-01-09 08:00:00,2.102,2.105,2.059,2.07,216593.32
2026-01-09 09:00:00,2.07,2.092,2.069,2.08,50969.23
2026-01-09 10:00:00,2.08,2.084,2.075,2.08,36466.01
2026-01-09 11:00:00,2.08,2.088,2.078,2.079,40459.91
2026-01-09 12:00:00,2.079,2.082,2.048,2.055,88027.1
2026-01-09 13:00:00,2.055,2.077,2.055,2.067,235094.28
2026-01-09 14:00:00,2.067,2.069,2.048,2.058,131791.38
2026-01-09 15:00:00,2.058,2.137,2.05,2.1,325154.69
2026-01-09 16:00:00,2.1,2.14,2.1,2.119,171604.53
2026-01-09 17:00:00,2.119,2.121,2.091,2.108,144057.83
2026-01-09 18:00:00,2.108,2.11,2.063,2.084,74018.2
2026-01-09 19:00:00,2.084,2.084,2.057,2.064,70214.33
2026-01-09 20:00:00,2.064,2.084,2.06,2.074,145182.75
2026-01-09 21:00:00,2.074,2.09,2.069,2.085,215645.97
2026-01-09 22:00:00,2.085,2.091,2.077,2.086,42532.18
2026-01-09 23:00:00,2.086,2.09,2.079,2.081,95460.16
2026-01-10 00:00:00,2.081,2.083,2.074,2.076,48263.37
2026-01-10 01:00:00,2.076,2.089,2.076,2.086,19022.17
2026-01-10 02:00:00,2.086,2.086,2.069,2.074,33534.86
2026-01-10 03:00:00,2.074,2.087,2.067,2.086,173851.06
2026-01-10 04:00:00,2.086,2.089,2.076,2.085,146012.78
2026-01-10 05:00:00,2.085,2.091,2.082,2.084,48084.44
2026-01-10 06:00:00,2.084,2.088,2.075,2.085,24319.01
2026-01-10 07:00:00,2.085,2.113,2.084,2.099,112378.28
2026-01-10 08:00:00,2.099,2.1,2.078,2.086,146811.95
2026-01-10 09:00:00,2.086,2.105,2.086,2.103,66330.85
2026-01-10 10:00:00,2.103,2.105,2.095,2.104,34188.67
2026-01-10 11:00:00,2.104,2.105,2.098,2.105,16442.47
2026-01-10 12:00:00,2.105,2.123,2.103,2.121,60831.56
2026-01-10 13:00:00,2.121,2.127,2.116,2.121,77452.41
2026-01-10 14:00:00,2.121,2.123,2.109,2.115,74736.01
2026-01-10 15:00:00,2.115,2.12,2.112,2.116,25094.42
2026-01-10 16:00:00,2.116,2.116,2.1,2.105,36228.2
2026-01-10 17:00:00,2.105,2.116,2.095,2.096,23368.53
2026-01-10 18:00:00,2.096,2.106,2.094,2.1,23829.87
2026-01-10 19:00:00,2.1,2.125,2.1,2.125,48018.25
2026-01-10 20:00:00,2.125,2.127,2.112,2.113,29193.37
2026-01-10 21:00:00,2.113,2.114,2.1,2.1,26553.42
2026-01-10 22:00:00,2.1,2.105,2.082,2.082,31078.73
2026-01-10 23:00:00,2.082,2.095,2.082,2.09,23478.32
2026-01-11 00:00:00,2.09,2.092,2.083,2.091,23905.98
2026-01-11 01:00:00,2.091,2.094,2.088,2.094,10336.65
2026-01-11 02:00:00,2.094,2.101,2.091,2.092,37855.13
2026-01-11 03:00:00,2.092,2.099,2.092,2.098,26654.72
2026-01-11 04:00:00,2.098,2.104,2.092,2.102,43945.12
2026-01-11 05:00:00,2.102,2.107,2.1,2.104,24994.29
2026-01-11 06:00:00,2.104,2.108,2.097,2.108,40624.6
2026-01-11 07:00:00,2.108,2.114,2.105,2.114,32641.44
2026-01-11 08:00:00,2.114,2.115,2.106,2.112,49658.77
2026-01-11 09:00:00,2.112,2.116,2.109,2.112,26039.06
2026-01-11 10:00:00,2.112,2.113,2.103,2.105,22074.95
2026-01-11 11:00:00,2.105,2.112,2.103,2.108,34624.59
2026-01-11 12:00:00,2.108,2.122,2.107,2.12,42391.16
2026-01-11 13:00:00,2.12,2.121,2.097,2.099,30533.28
2026-01-11 14:00:00,2.099,2.113,2.096,2.109,45928.8
2026-01-11 15:00:00,2.109,2.11,2.069,2.077,49354.24
2026-01-11 16:00:00,2.077,2.109,2.071,2.093,132418.01
2026-01-11 17:00:00,2.093,2.102,2.084,2.099,37185.64
2026-01-11 18:00:00,2.099,2.1,2.085,2.094,23917.59
2026-01-11 19:00:00,2.094,2.098,2.083,2.087,31051.62
2026-01-11 20:00:00,2.087,2.087,2.058,2.066,55397.31
2026-01-11 21:00:00,2.066,2.073,2.054,2.072,75011.71
2026-01-11 22:00:00,2.072,2.072,2.047,2.051,67592.45
2026-01-11 23:00:00,2.051,2.071,2.034,2.068,161706.64
2026-01-12 00:00:00,2.068,2.08,2.046,2.075,168792.55
2026-01-12 01:00:00,2.075,2.102,2.074,2.094,346502.06
2026-01-12 02:00:00,2.094,2.139,2.094,2.135,123174.38
2026-01-12 03:00:00,2.135,2.149,2.113,2.113,113954.73
2026-01-12 04:00:00,2.113,2.131,2.109,2.128,42326.74
2026-01-12 05:00:00,2.128,2.133,2.117,2.118,57343.72
2026-01-12 06:00:00,2.118,2.12,2.097,2.1,58257.66
2026-01-12 07:00:00,2.1,2.113,2.062,2.062,93575.77
2026-01-12 08:00:00,2.062,2.077,2.032,2.048,151783.2
2026-01-12 09:00:00,2.048,2.056,2.044,2.049,65563.89
2026-01-12 10:00:00,2.049,2.057,2.044,2.045,44661.87
2026-01-12 11:00:00,2.045,2.059,2.045,2.056,53083.64
2026-01-12 12:00:00,2.056,2.058,2.047,2.048,34777.63
2026-01-12 13:00:00,2.048,2.051,2.029,2.035,119394.41
2026-01-12 14:00:00,2.035,2.063,2.018,2.058,155487.36
2026-01-12 15:00:00,2.058,2.086,2.05,2.085,107732.73
2026-01-12 16:00:00,2.085,2.113,2.081,2.086,158290.3
2026-01-12 17:00:00,2.086,2.093,2.053,2.071,129204.93
2026-01-12 18:00:00,2.071,2.085,2.065,2.068,103578.11
2026-01-12 19:00:00,2.068,2.074,2.059,2.073,43668.95
2026-01-12 20:00:00,2.073,2.083,2.055,2.057,48003.07
2026-01-12 21:00:00,2.057,2.058,2.037,2.045,52742
2026-01-12 22:00:00,2.045,2.057,2.045,2.053,42431.66
2026-01-12 23:00:00,2.053,2.057,2.042,2.052,96331.12
2026-01-13 00:00:00,2.052,2.066,2.05,2.066,107750.55
2026-01-13 01:00:00,2.066,2.079,2.064,2.079,73111.31
2026-01-13 02:00:00,2.079,2.093,2.056,2.056,108972.83
2026-01-13 03:00:00,2.056,2.064,2.052,2.062,44785.87
2026-01-13 04:00:00,2.062,2.078,2.062,2.078,165956.45
2026-01-13 05:00:00,2.078,2.103,2.078,2.09,101972.89
2026-01-13 06:00:00,2.09,2.098,2.088,2.094,76592.75
2026-01-13 07:00:00,2.094,2.095,2.075,2.078,43519.99
2026-01-13 08:00:00,2.078,2.093,2.075,2.09,88061.95
2026-01-13 09:00:00,2.09,2.097,2.072,2.08,170190.33
2026-01-13 10:00:00,2.08,2.084,2.074,2.08,69655.28
2026-01-13 11:00:00,2.08,2.088,2.077,2.086,95969.33
2026-01-13 12:00:00,2.086,2.105,2.079,2.104,83784.18
2026-01-13 13:00:00,2.104,2.142,2.103,2.14,511531.87
2026-01-13 14:00:00,2.14,2.223,2.132,2.184,1124260.48
2026-01-13 15:00:00,2.184,2.243,2.175,2.24,568908.8
2026-01-13 16:00:00,2.24,2.34,2.24,2.263,1484010.56
2026-01-13 17:00:00,2.263,2.267,2.225,2.245,407655.2
2026-01-13 18:00:00,2.245,2.257,2.23,2.231,197648
2026-01-13 19:00:00,2.231,2.258,2.23,2.249,514516.24
2026-01-13 20:00:00,2.249,2.252,2.215,2.226,255498.51
2026-01-13 21:00:00,2.226,2.255,2.225,2.25,185077.2
2026-01-13 22:00:00,2.25,2.327,2.25,2.32,826381.32
2026-01-13 23:00:00,2.32,2.331,2.271,2.282,313415.07
2026-01-14 00:00:00,2.282,2.295,2.266,2.28,204534.15
2026-01-14 01:00:00,2.28,2.285,2.269,2.272,154657.11
2026-01-14 02:00:00,2.272,2.282,2.262,2.268,107810.11
2026-01-14 03:00:00,2.268,2.279,2.259,2.279,88841.8
2026-01-14 04:00:00,2.279,2.283,2.262,2.269,242181.41
2026-01-14 05:00:00,2.269,2.278,2.259,2.274,73498.91
2026-01-14 06:00:00,2.274,2.291,2.265,2.29,112298.53
2026-01-14 07:00:00,2.29,2.296,2.271,2.276,123674.65
2026-01-14 08:00:00,2.276,2.292,2.276,2.282,50137.85
2026-01-14 09:00:00,2.282,2.295,2.261,2.283,445153.03
2026-01-14 10:00:00,2.283,2.292,2.271,2.272,182048.89
2026-01-14 11:00:00,2.272,2.272,2.25,2.252,262760.74
2026-01-14 12:00:00,2.252,2.262,2.251,2.255,81766.45
2026-01-14 13:00:00,2.255,2.258,2.235,2.24,88432.9
2026-01-14 14:00:00,2.24,2.28,2.238,2.269,200749.98
2026-01-14 15:00:00,2.269,2.297,2.252,2.265,520302.22
2026-01-14 16:00:00,2.265,2.282,2.258,2.261,195441.74
2026-01-14 17:00:00,2.261,2.27,2.235,2.239,261982.11
2026-01-14 18:00:00,2.239,2.245,2.195,2.216,431437.73
2026-01-14 19:00:00,2.216,2.253,2.21,2.238,316661.25
2026-01-14 20:00:00,2.238,2.255,2.234,2.243,97797.76
2026-01-14 21:00:00,2.243,2.246,2.227,2.235,80289.06
2026-01-14 22:00:00,2.235,2.235,2.213,2.217,81071.64
2026-01-14 23:00:00,2.217,2.232,2.217,2.224,155100.64
2026-01-15 00:00:00,2.224,2.23,2.218,2.225,115075.81
2026-01-15 01:00:00,2.225,2.236,2.215,2.216,83502.66
2026-01-15 02:00:00,2.216,2.219,2.189,2.196,160546.77
2026-01-15 03:00:00,2.196,2.2,2.158,2.167,168079.34
2026-01-15 04:00:00,2.167,2.186,2.164,2.178,190477.45
2026-01-15 05:00:00,2.178,2.184,2.172,2.175,55276.04
2026-01-15 06:00:00,2.175,2.183,2.173,2.176,49758.74
2026-01-15 07:00:00,2.176,2.202,2.175,2.197,66911.04
2026-01-15 08:00:00,2.197,2.197,2.183,2.192,59736.37
2026-01-15 09:00:00,2.192,2.212,2.183,2.207,72132.2
2026-01-15 10:00:00,2.207,2.209,2.199,2.204,129643.68
2026-01-15 11:00:00,2.204,2.21,2.197,2.199,213196.92
2026-01-15 12:00:00,2.199,2.221,2.199,2.22,59571.98
2026-01-15 13:00:00,2.22,2.236,2.218,2.227,63344.1
2026-01-15 14:00:00,2.227,2.233,2.181,2.197,147430.92
2026-01-15 15:00:00,2.197,2.205,2.129,2.163,219097.2
2026-01-15 16:00:00,2.163,2.172,2.144,2.164,112558.51
2026-01-15 17:00:00,2.164,2.17,2.137,2.14,215631.71
2026-01-15 18:00:00,2.14,2.143,2.111,2.114,165925.46
2026-01-15 19:00:00,2.114,2.121,2.099,2.119,164162.8
2026-01-15 20:00:00,2.119,2.129,2.096,2.104,112617.69
2026-01-15 21:00:00,2.104,2.114,2.103,2.111,198992.46
2026-01-15 22:00:00,2.111,2.127,2.111,2.112,101720.32
2026-01-15 23:00:00,2.112,2.12,2.104,2.118,67963.51
2026-01-16 00:00:00,2.118,2.123,2.113,2.118,67459.89
2026-01-16 01:00:00,2.118,2.123,2.112,2.12,146582.79
2026-01-16 02:00:00,2.12,2.133,2.104,2.129,83805.12
2026-01-16 03:00:00,2.129,2.13,2.11,2.111,33353.1
2026-01-16 04:00:00,2.111,2.114,2.097,2.104,77401.53
2026-01-16 05:00:00,2.104,2.125,2.103,2.121,104787.31
2026-01-16 06:00:00,2.121,2.135,2.119,2.135,187733.81
2026-01-16 07:00:00,2.135,2.149,2.133,2.137,314016.51
2026-01-16 08:00:00,2.137,2.155,2.133,2.152,117243.28
2026-01-16 09:00:00,2.152,2.153,2.14,2.141,55254.95
2026-01-16 10:00:00,2.141,2.142,2.134,2.136,22427.93
2026-01-16 11:00:00,2.136,2.139,2.119,2.128,55597.11
2026-01-16 12:00:00,2.128,2.129,2.116,2.12,33706.1
2026-01-16 13:00:00,2.12,2.122,2.103,2.108,204972.38
2026-01-16 14:00:00,2.108,2.126,2.108,2.114,74214.59
2026-01-16 15:00:00,2.114,2.125,2.063,2.075,333672.33
2026-01-16 16:00:00,2.075,2.081,2.056,2.072,250374.19
2026-01-16 17:00:00,2.072,2.087,2.06,2.086,357375.11
2026-01-16 18:00:00,2.086,2.09,2.083,2.083,58837.67
2026-01-16 19:00:00,2.083,2.096,2.075,2.091,69605.79
2026-01-16 20:00:00,2.091,2.128,2.085,2.127,124790.62
2026-01-16 21:00:00,2.127,2.135,2.125,2.131,249647.42
2026-01-16 22:00:00,2.131,2.136,2.122,2.127,95321.41
2026-01-16 23:00:00,2.127,2.127,2.115,2.119,69172.32
2026-01-17 00:00:00,2.119,2.13,2.113,2.127,89420.29
2026-01-17 01:00:00,2.127,2.135,2.123,2.124,62067.09
2026-01-17 02:00:00,2.124,2.128,2.117,2.121,76935.41
2026-01-17 03:00:00,2.121,2.131,2.118,2.128,28212.49
2026-01-17 04:00:00,2.128,2.133,2.122,2.132,42860.92
2026-01-17 05:00:00,2.132,2.138,2.132,2.132,63788.7
2026-01-17 06:00:00,2.132,2.144,2.132,2.138,26981.22
2026-01-17 07:00:00,2.138,2.159,2.133,2.156,87342.86
2026-01-17 08:00:00,2.156,2.191,2.156,2.185,184273.18
2026-01-17 09:00:00,2.185,2.207,2.182,2.185,254536.22
2026-01-17 10:00:00,2.185,2.234,2.185,2.218,418200.83
2026-01-17 11:00:00,2.218,2.218,2.182,2.182,193679.6
2026-01-17 12:00:00,2.182,2.216,2.177,2.21,152883.16
2026-01-17 13:00:00,2.21,2.213,2.199,2.199,143018.7
2026-01-17 14:00:00,2.199,2.225,2.187,2.222,104177.59
2026-01-17 15:00:00,2.222,2.227,2.193,2.208,223710.34
2026-01-17 16:00:00,2.208,2.215,2.183,2.204,165564.71
2026-01-17 17:00:00,2.204,2.209,2.195,2.205,79772.96
2026-01-17 18:00:00,2.205,2.213,2.201,2.206,278954.04
2026-01-17 19:00:00,2.206,2.21,2.192,2.198,114265.25
2026-01-17 20:00:00,2.198,2.202,2.188,2.193,170375.27
2026-01-17 21:00:00,2.193,2.193,2.183,2.191,79754.23
2026-01-17 22:00:00,2.191,2.195,2.172,2.18,137884.93
2026-01-17 23:00:00,2.18,2.186,2.172,2.177,47657.59
2026-01-18 00:00:00,2.177,2.2,2.176,2.185,61958.38
2026-01-18 01:00:00,2.185,2.189,2.162,2.168,183056.36
2026-01-18 02:00:00,2.168,2.177,2.159,2.162,55900.36
2026-01-18 03:00:00,2.162,2.172,2.161,2.162,51745.55
2026-01-18 04:00:00,2.162,2.163,2.152,2.159,74545.79
2026-01-18 05:00:00,2.159,2.159,2.152,2.156,30829.73
2026-01-18 06:00:00,2.156,2.16,2.146,2.153,38088.86
2026-01-18 07:00:00,2.153,2.158,2.141,2.152,67184.57
2026-01-18 08:00:00,2.152,2.159,2.146,2.157,152379.8
2026-01-18 09:00:00,2.157,2.162,2.147,2.153,185075.87
2026-01-18 10:00:00,2.153,2.155,2.144,2.146,38658.21
2026-01-18 11:00:00,2.146,2.151,2.142,2.148,44608.42
2026-01-18 12:00:00,2.148,2.153,2.143,2.145,30500.39
2026-01-18 13:00:00,2.145,2.154,2.138,2.148,96475.11
2026-01-18 14:00:00,2.148,2.16,2.135,2.136,111925.43
2026-01-18 15:00:00,2.136,2.17,2.131,2.161,122185.49
2026-01-18 16:00:00,2.161,2.175,2.159,2.164,57812.31
2026-01-18 17:00:00,2.164,2.164,2.15,2.158,91114.22
2026-01-18 18:00:00,2.158,2.189,2.156,2.186,103965.12
2026-01-18 19:00:00,2.186,2.189,2.165,2.169,32332.12
2026-01-18 20:00:00,2.169,2.187,2.166,2.179,45266.19
2026-01-18 21:00:00,2.179,2.183,2.172,2.177,32525.21
2026-01-18 22:00:00,2.177,2.197,2.177,2.195,168635.5
2026-01-18 23:00:00,2.195,2.195,2.063,2.064,512180.28
2026-01-19 00:00:00,2.064,2.064,1.887,1.956,2064765.54
2026-01-19 01:00:00,1.956,1.973,1.945,1.961,266045.22
2026-01-19 02:00:00,1.961,1.972,1.955,1.969,119075.83
2026-01-19 03:00:00,1.969,1.982,1.959,1.978,103282.26
2026-01-19 04:00:00,1.978,1.981,1.96,1.96,87863.49
2026-01-19 05:00:00,1.96,1.975,1.955,1.971,183700.52
2026-01-19 06:00:00,1.971,1.977,1.957,1.957,286057.74
2026-01-19 07:00:00,1.957,1.972,1.955,1.969,150801.4
2026-01-19 08:00:00,1.969,1.998,1.967,1.995,210906.47
2026-01-19 09:00:00,1.995,1.995,1.978,1.98,57343.48
2026-01-19 10:00:00,1.98,1.98,1.971,1.974,79995.29
2026-01-19 11:00:00,1.974,1.983,1.972,1.972,83180.32
2026-01-19 12:00:00,1.972,1.975,1.966,1.971,112507.23
2026-01-19 13:00:00,1.971,1.979,1.97,1.972,113229.56
2026-01-19 14:00:00,1.972,1.988,1.969,1.976,66913.59
2026-01-19 15:00:00,1.976,1.984,1.971,1.976,82631.42
2026-01-19 16:00:00,1.976,2.022,1.975,2.022,395731.63
2026-01-19 17:00:00,2.022,2.028,2.006,2.014,171144.04
2026-01-19 18:00:00,2.014,2.022,2.004,2.022,92962.93
2026-01-19 19:00:00,2.022,2.062,2.022,2.045,357740.98
2026-01-19 20:00:00,2.045,2.048,2.032,2.033,132725.72
2026-01-19 21:00:00,2.033,2.037,2.02,2.022,163400.44
2026-01-19 22:00:00,2.022,2.027,2.007,2.007,94018.7
2026-01-19 23:00:00,2.007,2.037,2.005,2.027,142361.01
2026-01-20 00:00:00,2.027,2.029,2.018,2.019,71042.4
2026-01-20 01:00:00,2.019,2.035,2.014,2.025,38928.82
2026-01-20 02:00:00,2.025,2.049,2.015,2.043,137575.66
2026-01-20 03:00:00,2.043,2.046,2.019,2.033,91718.76
2026-01-20 04:00:00,2.033,2.049,2.018,2.034,370796.91
2026-01-20 05:00:00,2.034,2.044,2.023,2.027,353317.68
2026-01-20 06:00:00,2.027,2.027,1.984,1.989,322653.63
2026-01-20 07:00:00,1.989,2.003,1.987,1.989,96198.86
2026-01-20 08:00:00,1.989,1.993,1.971,1.985,167000.16
2026-01-20 09:00:00,1.985,1.992,1.977,1.981,71321.98
2026-01-20 10:00:00,1.981,1.992,1.975,1.975,82176.53
2026-01-20 11:00:00,1.975,1.983,1.957,1.958,194327.73
2026-01-20 12:00:00,1.958,1.981,1.955,1.976,113531.63
2026-01-20 13:00:00,1.976,1.976,1.935,1.938,163698.07
2026-01-20 14:00:00,1.938,1.973,1.938,1.958,197866.65
2026-01-20 15:00:00,1.958,1.96,1.93,1.937,206786.94
2026-01-20 16:00:00,1.937,1.949,1.904,1.911,151471.58
2026-01-20 17:00:00,1.911,1.925,1.896,1.906,178742.99
2026-01-20 18:00:00,1.906,1.914,1.895,1.903,127343.03
2026-01-20 19:00:00,1.903,1.916,1.903,1.912,119405.5
2026-01-20 20:00:00,1.912,1.932,1.909,1.929,195814.75
2026-01-20 21:00:00,1.929,1.93,1.909,1.911,55605.5
2026-01-20 22:00:00,1.911,1.917,1.881,1.904,110598.35
2026-01-20 23:00:00,1.904,1.906,1.892,1.896,109322.07
2026-01-21 00:00:00,1.896,1.929,1.894,1.929,116379.21
2026-01-21 01:00:00,1.929,1.939,1.927,1.934,76783.81
2026-01-21 02:00:00,1.934,1.956,1.934,1.953,101073.29
2026-01-21 03:00:00,1.953,1.958,1.945,1.947,61384.43
2026-01-21 04:00:00,1.947,1.948,1.941,1.945,20621.45
2026-01-21 05:00:00,1.945,1.957,1.943,1.955,79716.06
2026-01-21 06:00:00,1.955,1.955,1.939,1.94,88084.5
2026-01-21 07:00:00,1.94,1.951,1.937,1.942,46204.65
2026-01-21 08:00:00,1.942,1.946,1.926,1.939,41832.1
2026-01-21 09:00:00,1.939,1.939,1.93,1.933,38325.19
2026-01-21 10:00:00,1.933,1.944,1.929,1.929,85434.75
2026-01-21 11:00:00,1.929,1.938,1.916,1.917,168465.84
2026-01-21 12:00:00,1.917,1.92,1.894,1.92,137988.53
2026-01-21 13:00:00,1.92,1.928,1.905,1.909,71354.54
2026-01-21 14:00:00,1.909,1.975,1.908,1.968,416925.04
2026-01-21 15:00:00,1.968,1.977,1.949,1.967,139292.2
2026-01-21 16:00:00,1.967,1.967,1.891,1.894,280122.28
2026-01-21 17:00:00,1.894,1.913,1.872,1.896,218109.46
2026-01-21 18:00:00,1.896,1.92,1.887,1.914,110366.06
2026-01-21 19:00:00,1.914,1.991,1.907,1.991,320961.29
2026-01-21 20:00:00,1.991,1.996,1.959,1.985,203873.48
2026-01-21 21:00:00,1.985,1.995,1.98,1.988,115398.34
2026-01-21 22:00:00,1.988,1.997,1.968,1.971,88373.3
2026-01-21 23:00:00,1.971,1.973,1.941,1.952,86442.25
2026-01-22 00:00:00,1.952,1.968,1.951,1.963,183693.33
2026-01-22 01:00:00,1.963,1.978,1.961,1.978,42489.81
2026-01-22 02:00:00,1.978,1.98,1.963,1.964,43942.47
2026-01-22 03:00:00,1.964,1.97,1.948,1.954,124668.77
2026-01-22 04:00:00,1.954,1.956,1.951,1.952,253366.12
2026-01-22 05:00:00,1.952,1.956,1.938,1.94,168241.33
2026-01-22 06:00:00,1.94,1.946,1.928,1.946,329946.02
2026-01-22 07:00:00,1.946,1.948,1.933,1.944,81297.8
2026-01-22 08:00:00,1.944,1.951,1.938,1.951,39381.25
2026-01-22 09:00:00,1.951,1.959,1.948,1.955,53382.22
2026-01-22 10:00:00,1.955,1.958,1.953,1.957,46766.74
2026-01-22 11:00:00,1.957,1.958,1.948,1.949,66340.11
2026-01-22 12:00:00,1.949,1.949,1.943,1.948,62523.58
2026-01-22 13:00:00,1.948,1.961,1.939,1.946,88161.68
2026-01-22 14:00:00,1.946,1.949,1.916,1.918,105534.31
2026-01-22 15:00:00,1.918,1.933,1.905,1.925,132575.5
2026-01-22 16:00:00,1.925,1.941,1.92,1.936,128675.07
2026-01-22 17:00:00,1.936,1.942,1.925,1.939,59434.84
2026-01-22 18:00:00,1.939,1.94,1.922,1.922,78994.17
2026-01-22 19:00:00,1.922,1.941,1.918,1.936,63779.7
2026-01-22 20:00:00,1.936,1.94,1.92,1.925,78937.26
2026-01-22 21:00:00,1.925,1.934,1.924,1.926,44754.09
2026-01-22 22:00:00,1.926,1.933,1.922,1.925,44125.73
2026-01-22 23:00:00,1.925,1.928,1.913,1.924,58399.53
2026-01-23 00:00:00,1.924,1.932,1.923,1.928,81313.41
2026-01-23 01:00:00,1.928,1.95,1.928,1.948,102784.54
2026-01-23 02:00:00,1.948,1.95,1.939,1.939,37833.8
2026-01-23 03:00:00,1.939,1.964,1.939,1.954,67254.42
2026-01-23 04:00:00,1.954,1.982,1.952,1.975,193555.48
2026-01-23 05:00:00,1.975,1.975,1.958,1.96,46788.21
2026-01-23 06:00:00,1.96,1.964,1.941,1.941,85768.73
2026-01-23 07:00:00,1.941,1.944,1.934,1.938,110708.17
2026-01-23 08:00:00,1.938,1.944,1.923,1.928,86718.01
2026-01-23 09:00:00,1.928,1.936,1.925,1.93,46137.76
2026-01-23 10:00:00,1.93,1.932,1.918,1.929,210334.95
2026-01-23 11:00:00,1.929,1.946,1.929,1.942,38066.53
2026-01-23 12:00:00,1.942,1.944,1.932,1.939,35660.71
2026-01-23 13:00:00,1.939,1.948,1.937,1.937,66599.33
2026-01-23 14:00:00,1.937,1.939,1.896,1.91,176701.8
2026-01-23 15:00:00,1.91,1.943,1.899,1.942,143361.71
2026-01-23 16:00:00,1.942,1.956,1.919,1.946,364255.3
2026-01-23 17:00:00,1.946,1.979,1.934,1.953,232251.65
2026-01-23 18:00:00,1.953,1.971,1.949,1.956,194588.93
2026-01-23 19:00:00,1.956,1.956,1.92,1.925,194796.31
2026-01-23 20:00:00,1.925,1.927,1.901,1.912,73579.15
2026-01-23 21:00:00,1.912,1.922,1.91,1.913,28133.56
2026-01-23 22:00:00,1.913,1.929,1.912,1.929,45581.76
2026-01-23 23:00:00,1.929,1.929,1.919,1.923,54395.25
2026-01-24 00:00:00,1.923,1.929,1.922,1.923,48875.79
2026-01-24 01:00:00,1.923,1.931,1.92,1.928,52139.36
2026-01-24 02:00:00,1.928,1.935,1.925,1.926,70536.69
2026-01-24 03:00:00,1.926,1.937,1.925,1.929,48387
2026-01-24 04:00:00,1.929,1.938,1.924,1.935,132965.96
2026-01-24 05:00:00,1.935,1.937,1.925,1.929,84474.8
2026-01-24 06:00:00,1.929,1.934,1.928,1.931,36584.66
2026-01-24 07:00:00,1.931,1.932,1.922,1.922,27763.73
2026-01-24 08:00:00,1.922,1.931,1.92,1.929,25238.3
2026-01-24 09:00:00,1.929,1.929,1.916,1.917,42066.36
2026-01-24 10:00:00,1.917,1.921,1.912,1.919,33718.35
2026-01-24 11:00:00,1.919,1.921,1.914,1.916,20483.09
2026-01-24 12:00:00,1.916,1.92,1.913,1.914,46762.99
2026-01-24 13:00:00,1.914,1.916,1.907,1.907,30243.43
2026-01-24 14:00:00,1.907,1.92,1.904,1.914,45341.47
2026-01-24 15:00:00,1.914,1.918,1.902,1.903,33942.18
2026-01-24 16:00:00,1.903,1.91,1.897,1.908,52407.25
2026-01-24 17:00:00,1.908,1.912,1.905,1.912,24844.07
2026-01-24 18:00:00,1.912,1.92,1.911,1.912,55506.58
2026-01-24 19:00:00,1.912,1.914,1.907,1.908,70181.98
2026-01-24 20:00:00,1.908,1.921,1.908,1.919,53253.96
2026-01-24 21:00:00,1.919,1.922,1.912,1.92,26668.84
2026-01-24 22:00:00,1.92,1.929,1.919,1.927,47081
2026-01-24 23:00:00,1.927,1.929,1.923,1.926,35272.1
2026-01-25 00:00:00,1.926,1.939,1.924,1.931,93267.85
2026-01-25 01:00:00,1.931,1.936,1.919,1.919,60413.32
2026-01-25 02:00:00,1.919,1.923,1.914,1.917,45771.49
2026-01-25 03:00:00,1.917,1.92,1.899,1.904,82525.78
2026-01-25 04:00:00,1.904,1.908,1.899,1.901,39719.5
2026-01-25 05:00:00,1.901,1.905,1.898,1.905,37726.42
2026-01-25 06:00:00,1.905,1.906,1.899,1.904,90982.91
2026-01-25 07:00:00,1.904,1.904,1.892,1.897,46968.83
2026-01-25 08:00:00,1.897,1.901,1.88,1.887,100572.49
2026-01-25 09:00:00,1.887,1.91,1.886,1.905,54448.08
2026-01-25 10:00:00,1.905,1.916,1.905,1.908,74940.86
2026-01-25 11:00:00,1.908,1.909,1.894,1.896,120393.85
2026-01-25 12:00:00,1.896,1.897,1.885,1.897,48490.95
2026-01-25 13:00:00,1.897,1.901,1.888,1.898,31982.21
2026-01-25 14:00:00,1.898,1.899,1.876,1.886,76639.77
2026-01-25 15:00:00,1.886,1.892,1.88,1.885,78403.6
2026-01-25 16:00:00,1.885,1.885,1.832,1.846,617717.43
2026-01-25 17:00:00,1.846,1.848,1.834,1.841,70674
2026-01-25 18:00:00,1.841,1.843,1.814,1.82,202864.19
2026-01-25 19:00:00,1.82,1.825,1.78,1.789,275423.31
2026-01-25 20:00:00,1.789,1.806,1.788,1.804,204070.22
2026-01-25 21:00:00,1.804,1.821,1.804,1.818,230225.44
2026-01-25 22:00:00,1.818,1.819,1.802,1.812,156758.71
2026-01-25 23:00:00,1.812,1.826,1.806,1.821,121556.6
2026-01-26 00:00:00,1.821,1.837,1.817,1.837,96114.57
2026-01-26 01:00:00,1.837,1.858,1.836,1.855,494489.68
2026-01-26 02:00:00,1.855,1.855,1.834,1.835,91133.58
2026-01-26 03:00:00,1.835,1.838,1.823,1.827,60862.69
2026-01-26 04:00:00,1.827,1.852,1.827,1.841,54837.94
2026-01-26 05:00:00,1.841,1.845,1.839,1.842,21807.87
2026-01-26 06:00:00,1.842,1.861,1.837,1.861,47017.51
2026-01-26 07:00:00,1.861,1.863,1.848,1.854,68485.43
2026-01-26 08:00:00,1.854,1.871,1.851,1.855,131410.72
2026-01-26 09:00:00,1.855,1.855,1.84,1.84,59088.73
2026-01-26 10:00:00,1.84,1.847,1.84,1.844,38804.43
2026-01-26 11:00:00,1.844,1.851,1.841,1.842,61631.73
2026-01-26 12:00:00,1.842,1.852,1.841,1.849,57982.95
2026-01-26 13:00:00,1.849,1.86,1.849,1.856,55264.71
2026-01-26 14:00:00,1.856,1.878,1.844,1.876,171784.2
2026-01-26 15:00:00,1.876,1.895,1.859,1.869,270704.86
2026-01-26 16:00:00,1.869,1.883,1.858,1.873,270735.82
2026-01-26 17:00:00,1.873,1.877,1.851,1.87,233380.76
2026-01-26 18:00:00,1.87,1.886,1.866,1.878,140697.02
2026-01-26 19:00:00,1.878,1.884,1.865,1.867,153759.97
2026-01-26 20:00:00,1.867,1.87,1.855,1.858,150475.47
2026-01-26 21:00:00,1.858,1.887,1.855,1.877,148907.86
2026-01-26 22:00:00,1.877,1.882,1.873,1.877,66805.8
2026-01-26 23:00:00,1.877,1.881,1.871,1.874,61994.6
2026-01-27 00:00:00,1.874,1.877,1.869,1.872,71832.03
2026-01-27 01:00:00,1.872,1.882,1.865,1.875,95485.67
2026-01-27 02:00:00,1.875,1.883,1.873,1.881,112302.53
2026-01-27 03:00:00,1.881,1.881,1.872,1.873,27189.42
2026-01-27 04:00:00,1.873,1.883,1.871,1.874,36667.92
2026-01-27 05:00:00,1.874,1.876,1.869,1.873,30044.51
2026-01-27 06:00:00,1.873,1.874,1.861,1.861,33625.23
2026-01-27 07:00:00,1.861,1.871,1.861,1.864,72636.12
2026-01-27 08:00:00,1.864,1.869,1.858,1.86,61142.25
2026-01-27 09:00:00,1.86,1.86,1.848,1.848,39049.79
2026-01-27 10:00:00,1.848,1.853,1.847,1.849,60618.89
2026-01-27 11:00:00,1.849,1.854,1.846,1.849,36800.92
2026-01-27 12:00:00,1.849,1.851,1.843,1.847,55111.07
2026-01-27 13:00:00,1.847,1.849,1.832,1.833,131056.62
2026-01-27 14:00:00,1.833,1.85,1.827,1.83,160645.45
2026-01-27 15:00:00,1.83,1.853,1.827,1.851,81067.93
2026-01-27 16:00:00,1.851,1.879,1.85,1.87,159439.06
2026-01-27 17:00:00,1.87,1.872,1.826,1.834,154934.08
2026-01-27 18:00:00,1.834,1.868,1.831,1.863,143763.7
2026-01-27 19:00:00,1.863,1.871,1.857,1.868,48174.96
2026-01-27 20:00:00,1.868,1.896,1.867,1.89,116701.01
2026-01-27 21:00:00,1.89,1.892,1.87,1.871,94318.12
2026-01-27 22:00:00,1.871,1.886,1.87,1.879,57949.45
2026-01-27 23:00:00,1.879,1.88,1.872,1.874,44063.86
2026-01-28 00:00:00,1.874,1.877,1.864,1.874,74478.7
2026-01-28 01:00:00,1.874,1.875,1.861,1.867,83479.9
2026-01-28 02:00:00,1.867,1.871,1.862,1.869,70350.04
2026-01-28 03:00:00,1.869,1.869,1.857,1.861,65291.79
2026-01-28 04:00:00,1.861,1.861,1.851,1.854,71132.77
2026-01-28 05:00:00,1.854,1.86,1.845,1.86,87308.18
2026-01-28 06:00:00,1.86,1.864,1.851,1.861,109313.11
2026-01-28 07:00:00,1.861,1.864,1.852,1.858,93424.77
2026-01-28 08:00:00,1.858,1.861,1.853,1.855,63595.93
2026-01-28 09:00:00,1.855,1.881,1.851,1.881,74658.25
2026-01-28 10:00:00,1.881,1.886,1.873,1.874,44075.39
2026-01-28 11:00:00,1.874,1.893,1.873,1.892,100355.61
2026-01-28 12:00:00,1.892,1.892,1.871,1.876,80315.24
2026-01-28 13:00:00,1.876,1.884,1.865,1.866,476524.94
2026-01-28 14:00:00,1.866,1.868,1.851,1.855,148190.17
2026-01-28 15:00:00,1.855,1.858,1.833,1.844,84680.01
2026-01-28 16:00:00,1.844,1.85,1.835,1.839,81366.48
2026-01-28 17:00:00,1.839,1.858,1.829,1.852,87317.07
2026-01-28 18:00:00,1.852,1.852,1.837,1.844,92366.75
2026-01-28 19:00:00,1.844,1.859,1.839,1.856,92929.94
2026-01-28 20:00:00,1.856,1.873,1.848,1.855,104680.59
2026-01-28 21:00:00,1.855,1.867,1.839,1.862,92875.76
2026-01-28 22:00:00,1.862,1.887,1.855,1.883,83181.6
2026-01-28 23:00:00,1.883,1.883,1.866,1.868,84655.13
2026-01-29 00:00:00,1.868,1.872,1.846,1.854,116880.82
2026-01-29 01:00:00,1.854,1.858,1.836,1.84,79419.85
2026-01-29 02:00:00,1.84,1.844,1.805,1.813,142773.77
2026-01-29 03:00:00,1.813,1.825,1.809,1.813,124481.56
2026-01-29 04:00:00,1.813,1.815,1.8,1.809,86526.29
2026-01-29 05:00:00,1.809,1.812,1.806,1.808,72513.07
2026-01-29 06:00:00,1.808,1.812,1.807,1.812,52591.89
2026-01-29 07:00:00,1.812,1.815,1.806,1.807,62044.39
2026-01-29 08:00:00,1.807,1.812,1.797,1.8,88685.36
2026-01-29 09:00:00,1.8,1.802,1.794,1.795,65399.73
2026-01-29 10:00:00,1.795,1.798,1.788,1.791,76291.11
2026-01-29 11:00:00,1.791,1.794,1.784,1.786,131781.59
2026-01-29 12:00:00,1.786,1.788,1.771,1.78,112579.73
2026-01-29 13:00:00,1.78,1.792,1.78,1.792,110295.97
2026-01-29 14:00:00,1.792,1.793,1.755,1.756,252621.2
2026-01-29 15:00:00,1.756,1.757,1.71,1.729,683164.83
2026-01-29 16:00:00,1.729,1.746,1.715,1.746,170554.45
2026-01-29 17:00:00,1.746,1.762,1.721,1.722,389938
2026-01-29 18:00:00,1.722,1.727,1.696,1.698,451322.63
2026-01-29 19:00:00,1.698,1.729,1.695,1.723,257548.84
2026-01-29 20:00:00,1.723,1.737,1.718,1.735,145877.44
2026-01-29 21:00:00,1.735,1.74,1.732,1.737,114158.4
2026-01-29 22:00:00,1.737,1.742,1.732,1.735,68068.37
2026-01-29 23:00:00,1.735,1.735,1.726,1.733,87123.22
2026-01-30 00:00:00,1.733,1.741,1.732,1.738,158697.18
2026-01-30 01:00:00,1.738,1.744,1.681,1.714,652369.65
2026-01-30 02:00:00,1.714,1.714,1.679,1.701,310236.06
2026-01-30 03:00:00,1.701,1.71,1.698,1.701,144346.27
2026-01-30 04:00:00,1.701,1.724,1.7,1.714,158205.13
2026-01-30 05:00:00,1.714,1.716,1.709,1.713,69497.97
2026-01-30 06:00:00,1.713,1.713,1.67,1.683,258597.13
2026-01-30 07:00:00,1.683,1.714,1.683,1.707,134146.17
2026-01-30 08:00:00,1.707,1.711,1.692,1.698,107003.22
2026-01-30 09:00:00,1.698,1.703,1.691,1.697,83252.37
2026-01-30 10:00:00,1.697,1.704,1.693,1.702,106303.98
2026-01-30 11:00:00,1.702,1.724,1.697,1.717,98026.08
2026-01-30 12:00:00,1.717,1.719,1.696,1.701,106275.51
2026-01-30 13:00:00,1.701,1.705,1.685,1.693,183444.7
2026-01-30 14:00:00,1.693,1.712,1.68,1.683,422674.16
2026-01-30 15:00:00,1.683,1.69,1.658,1.683,1444001.87
2026-01-30 16:00:00,1.683,1.694,1.668,1.675,317556.13
2026-01-30 17:00:00,1.675,1.694,1.669,1.685,161284.93
2026-01-30 18:00:00,1.685,1.714,1.649,1.709,462316.18
2026-01-30 19:00:00,1.709,1.719,1.706,1.712,136074.69
2026-01-30 20:00:00,1.712,1.712,1.678,1.684,296004.7
2026-01-30 21:00:00,1.684,1.699,1.681,1.693,253272.48
2026-01-30 22:00:00,1.693,1.696,1.682,1.691,104766.12
2026-01-30 23:00:00,1.691,1.692,1.68,1.687,127131.3
2026-01-31 00:00:00,1.687,1.687,1.68,1.681,143290.31
2026-01-31 01:00:00,1.681,1.688,1.679,1.685,37417.78
2026-01-31 02:00:00,1.685,1.686,1.672,1.681,122654.43
2026-01-31 03:00:00,1.681,1.683,1.675,1.679,68708.26
2026-01-31 04:00:00,1.679,1.684,1.673,1.674,64496.89
2026-01-31 05:00:00,1.674,1.676,1.668,1.672,64561.16
2026-01-31 06:00:00,1.672,1.674,1.654,1.663,111688.37
2026-01-31 07:00:00,1.663,1.663,1.644,1.654,75269.84
2026-01-31 08:00:00,1.654,1.657,1.615,1.632,483645.61
2026-01-31 09:00:00,1.632,1.645,1.628,1.637,97226.71
2026-01-31 10:00:00,1.637,1.645,1.631,1.641,187633.5
2026-01-31 11:00:00,1.641,1.641,1.632,1.632,119261.44
2026-01-31 12:00:00,1.632,1.635,1.629,1.63,141019.06
2026-01-31 13:00:00,1.63,1.631,1.614,1.619,118419.33
2026-01-31 14:00:00,1.619,1.623,1.534,1.565,1051620.49
2026-01-31 15:00:00,1.565,1.588,1.565,1.569,428383.85
2026-01-31 16:00:00,1.569,1.589,1.545,1.551,647264.92
2026-01-31 17:00:00,1.551,1.555,1.473,1.496,1079378.29
2026-01-31 18:00:00,1.496,1.503,1.409,1.471,1264505.01
2026-01-31 19:00:00,1.471,1.504,1.471,1.495,745369.66
2026-01-31 20:00:00,1.495,1.505,1.479,1.498,312069.19
2026-01-31 21:00:00,1.498,1.526,1.494,1.521,301059.81
2026-01-31 22:00:00,1.521,1.524,1.51,1.521,149010.83
2026-01-31 23:00:00,1.521,1.574,1.519,1.545,643626.63
2026-02-01 00:00:00,1.545,1.555,1.544,1.552,204785.85
2026-02-01 01:00:00,1.552,1.552,1.534,1.549,124100.38
2026-02-01 02:00:00,1.549,1.556,1.545,1.554,92681.03
2026-02-01 03:00:00,1.554,1.556,1.549,1.552,102884.57
2026-02-01 04:00:00,1.552,1.558,1.551,1.552,128756.17
2026-02-01 05:00:00,1.552,1.558,1.546,1.548,253624.35
2026-02-01 06:00:00,1.548,1.555,1.541,1.542,78031.84
2026-02-01 07:00:00,1.542,1.555,1.536,1.546,91951.88
2026-02-01 08:00:00,1.546,1.555,1.54,1.544,108512.3
2026-02-01 09:00:00,1.544,1.552,1.533,1.551,79720.79
2026-02-01 10:00:00,1.551,1.557,1.528,1.529,253098.74
2026-02-01 11:00:00,1.529,1.55,1.529,1.545,73510.9
2026-02-01 12:00:00,1.545,1.546,1.53,1.534,159916.65
2026-02-01 13:00:00,1.534,1.545,1.521,1.526,139045.29
2026-02-01 14:00:00,1.526,1.538,1.505,1.525,236038.52
2026-02-01 15:00:00,1.525,1.525,1.48,1.498,327983.7
2026-02-01 16:00:00,1.498,1.512,1.488,1.499,297557.31
2026-02-01 17:00:00,1.499,1.504,1.488,1.5,114031.73
2026-02-01 18:00:00,1.5,1.528,1.5,1.513,245807.69
2026-02-01 19:00:00,1.513,1.518,1.495,1.502,156839.79
2026-02-01 20:00:00,1.502,1.518,1.488,1.504,172650.69
2026-02-01 21:00:00,1.504,1.504,1.49,1.494,186770.63
2026-02-01 22:00:00,1.494,1.519,1.494,1.51,200876.16
2026-02-01 23:00:00,1.51,1.515,1.459,1.493,493472.21
2026-02-02 00:00:00,1.493,1.529,1.484,1.518,283232.86
2026-02-02 01:00:00,1.518,1.534,1.497,1.525,185363.73
2026-02-02 02:00:00,1.525,1.53,1.508,1.509,165655.63
2026-02-02 03:00:00,1.509,1.511,1.451,1.508,774481.72
2026-02-02 04:00:00,1.508,1.518,1.481,1.495,476864.89
2026-02-02 05:00:00,1.495,1.495,1.456,1.471,376924.81
2026-02-02 06:00:00,1.471,1.515,1.455,1.492,638532.23
2026-02-02 07:00:00,1.492,1.506,1.49,1.496,370156.58
2026-02-02 08:00:00,1.496,1.509,1.496,1.505,189764.66
2026-02-02 09:00:00,1.505,1.53,1.498,1.52,348124.55
2026-02-02 10:00:00,1.52,1.523,1.514,1.515,176639.71
2026-02-02 11:00:00,1.515,1.521,1.511,1.511,210879.83
2026-02-02 12:00:00,1.511,1.526,1.511,1.524,141329.7
2026-02-02 13:00:00,1.524,1.535,1.521,1.532,107697.78
2026-02-02 14:00:00,1.532,1.553,1.519,1.542,386724.97
2026-02-02 15:00:00,1.542,1.574,1.54,1.569,359017.48
2026-02-02 16:00:00,1.569,1.575,1.556,1.556,158258.95
2026-02-02 17:00:00,1.556,1.566,1.551,1.555,133471.28
2026-02-02 18:00:00,1.555,1.563,1.549,1.56,109116.88
2026-02-02 19:00:00,1.56,1.56,1.547,1.547,79459.93
2026-02-02 20:00:00,1.547,1.549,1.537,1.539,115170.7
2026-02-02 21:00:00,1.539,1.549,1.539,1.546,67469.44
2026-02-02 22:00:00,1.546,1.553,1.546,1.55,36508.8
2026-02-02 23:00:00,1.55,1.551,1.54,1.541,58297.68
2026-02-03 00:00:00,1.541,1.545,1.534,1.544,75526.6
2026-02-03 01:00:00,1.544,1.544,1.532,1.538,37459.87
2026-02-03 02:00:00,1.538,1.538,1.513,1.513,105333.96
2026-02-03 03:00:00,1.513,1.539,1.508,1.537,114440.65
2026-02-03 04:00:00,1.537,1.548,1.531,1.543,77647.79
2026-02-03 05:00:00,1.543,1.544,1.527,1.528,159483.93
2026-02-03 06:00:00,1.528,1.536,1.52,1.535,118586.71
2026-02-03 07:00:00,1.535,1.542,1.531,1.536,44938.36
2026-02-03 08:00:00,1.536,1.543,1.529,1.53,77792.35
2026-02-03 09:00:00,1.53,1.535,1.51,1.516,227608.89
2026-02-03 10:00:00,1.516,1.522,1.51,1.52,83317.21
2026-02-03 11:00:00,1.52,1.522,1.51,1.517,377598.73
2026-02-03 12:00:00,1.517,1.525,1.513,1.522,132357.22
2026-02-03 13:00:00,1.522,1.529,1.517,1.527,129561.48
2026-02-03 14:00:00,1.527,1.531,1.496,1.496,202779.6
2026-02-03 15:00:00,1.496,1.528,1.491,1.524,529265.3
2026-02-03 16:00:00,1.524,1.524,1.483,1.491,375567.32
2026-02-03 17:00:00,1.491,1.493,1.463,1.463,292580.51
2026-02-03 18:00:00,1.463,1.469,1.432,1.434,690938.33
2026-02-03 19:00:00,1.434,1.514,1.431,1.503,501386.47
2026-02-03 20:00:00,1.503,1.559,1.49,1.552,968145.8
2026-02-03 21:00:00,1.552,1.563,1.521,1.522,252380.02
2026-02-03 22:00:00,1.522,1.523,1.499,1.502,101843.21
2026-02-03 23:00:00,1.502,1.503,1.486,1.497,186110.72
2026-02-04 00:00:00,1.497,1.511,1.493,1.506,100982.6
2026-02-04 01:00:00,1.506,1.523,1.506,1.517,80342.08
2026-02-04 02:00:00,1.517,1.517,1.506,1.51,127161.49
2026-02-04 03:00:00,1.51,1.531,1.509,1.526,183314.67
2026-02-04 04:00:00,1.526,1.528,1.516,1.517,89335.99
2026-02-04 05:00:00,1.517,1.517,1.501,1.505,55485.98
2026-02-04 06:00:00,1.505,1.518,1.505,1.515,55009.02
2026-02-04 07:00:00,1.515,1.521,1.509,1.516,213331.49
2026-02-04 08:00:00,1.516,1.522,1.512,1.519,50053.45
2026-02-04 09:00:00,1.519,1.519,1.504,1.506,45466.01
2026-02-04 10:00:00,1.506,1.507,1.502,1.503,55599.3
2026-02-04 11:00:00,1.503,1.506,1.487,1.499,140096.58
2026-02-04 12:00:00,1.499,1.502,1.492,1.497,50375.04
2026-02-04 13:00:00,1.497,1.497,1.473,1.473,106729.33
2026-02-04 14:00:00,1.473,1.481,1.452,1.452,249566.24
2026-02-04 15:00:00,1.452,1.47,1.436,1.449,361943.12
2026-02-04 16:00:00,1.449,1.453,1.425,1.441,445983.98
2026-02-04 17:00:00,1.441,1.449,1.427,1.443,325701.96
2026-02-04 18:00:00,1.443,1.473,1.424,1.456,449582.19
2026-02-04 19:00:00,1.456,1.486,1.451,1.483,311504.37
2026-02-04 20:00:00,1.483,1.487,1.468,1.47,95612.97
2026-02-04 21:00:00,1.47,1.474,1.445,1.454,147002.02
2026-02-04 22:00:00,1.454,1.476,1.431,1.445,265615.03
2026-02-04 23:00:00,1.445,1.471,1.44,1.459,354502.33
2026-02-05 00:00:00,1.459,1.464,1.454,1.46,100954.3
2026-02-05 01:00:00,1.46,1.474,1.447,1.455,216867.71
2026-02-05 02:00:00,1.455,1.468,1.443,1.444,381220.39
2026-02-05 03:00:00,1.444,1.455,1.438,1.439,173783.68
2026-02-05 04:00:00,1.439,1.449,1.434,1.44,372680.9
2026-02-05 05:00:00,1.44,1.456,1.426,1.441,180540.03
2026-02-05 06:00:00,1.441,1.442,1.419,1.424,108883.1
2026-02-05 07:00:00,1.424,1.44,1.418,1.42,127374.25
2026-02-05 08:00:00,1.42,1.438,1.42,1.429,139624.88
2026-02-05 09:00:00,1.429,1.443,1.426,1.427,116342.4
2026-02-05 10:00:00,1.427,1.427,1.395,1.399,272971.54
2026-02-05 11:00:00,1.399,1.403,1.372,1.389,321416.57
2026-02-05 12:00:00,1.389,1.395,1.375,1.388,276826.56
2026-02-05 13:00:00,1.388,1.399,1.377,1.38,225638.83
2026-02-05 14:00:00,1.38,1.408,1.376,1.378,574058.02
2026-02-05 15:00:00,1.378,1.381,1.295,1.328,1341098.17
2026-02-05 16:00:00,1.328,1.348,1.315,1.333,727439.53
2026-02-05 17:00:00,1.333,1.355,1.296,1.305,791833.01
2026-02-05 18:00:00,1.305,1.322,1.292,1.321,473454
2026-02-05 19:00:00,1.321,1.321,1.295,1.297,329299.56
2026-02-05 20:00:00,1.297,1.305,1.232,1.254,1080981.02
2026-02-05 21:00:00,1.254,1.284,1.238,1.254,657364.03
2026-02-05 22:00:00,1.254,1.284,1.241,1.268,464708.21
2026-02-05 23:00:00,1.268,1.286,1.241,1.244,315156.16
2026-02-06 00:00:00,1.244,1.25,1.108,1.228,2780489.79
2026-02-06 01:00:00,1.228,1.267,1.224,1.264,494428.21
2026-02-06 02:00:00,1.264,1.275,1.231,1.239,479010.94
2026-02-06 03:00:00,1.239,1.246,1.229,1.238,373796.66
2026-02-06 04:00:00,1.238,1.256,1.233,1.253,229945.9
2026-02-06 05:00:00,1.253,1.301,1.25,1.294,466274.93
2026-02-06 06:00:00,1.294,1.299,1.27,1.27,307207.7
2026-02-06 07:00:00,1.27,1.279,1.26,1.269,247430.05
2026-02-06 08:00:00,1.269,1.284,1.263,1.274,421897.89
2026-02-06 09:00:00,1.274,1.307,1.268,1.303,261101.92
2026-02-06 10:00:00,1.303,1.324,1.299,1.323,276561.67
2026-02-06 11:00:00,1.323,1.329,1.32,1.323,216071.48
2026-02-06 12:00:00,1.323,1.323,1.312,1.322,191772.66
2026-02-06 13:00:00,1.322,1.335,1.32,1.327,323211.6
2026-02-06 14:00:00,1.327,1.353,1.318,1.345,382171.54
2026-02-06 15:00:00,1.345,1.352,1.333,1.347,368389.65
2026-02-06 16:00:00,1.347,1.384,1.344,1.376,318554.67
2026-02-06 17:00:00,1.376,1.406,1.37,1.389,326218.68
2026-02-06 18:00:00,1.389,1.389,1.354,1.36,296052.79
2026-02-06 19:00:00,1.36,1.367,1.348,1.363,173078.36
2026-02-06 20:00:00,1.363,1.371,1.349,1.354,204015.49
2026-02-06 21:00:00,1.354,1.366,1.348,1.365,240244.51
2026-02-06 22:00:00,1.365,1.386,1.364,1.381,254877.27
2026-02-06 23:00:00,1.381,1.386,1.363,1.367,202118.44
2026-02-07 00:00:00,1.367,1.367,1.345,1.352,251740.38
2026-02-07 01:00:00,1.352,1.36,1.343,1.36,174003.54
2026-02-07 02:00:00,1.36,1.362,1.352,1.357,113151.95
2026-02-07 03:00:00,1.357,1.38,1.356,1.377,196351.62
2026-02-07 04:00:00,1.377,1.388,1.373,1.376,402238.68
2026-02-07 05:00:00,1.376,1.379,1.364,1.367,140873.54
2026-02-07 06:00:00,1.367,1.369,1.344,1.344,149411.34
2026-02-07 07:00:00,1.344,1.348,1.317,1.331,353103.68
2026-02-07 08:00:00,1.331,1.342,1.325,1.339,114352.78
2026-02-07 09:00:00,1.339,1.342,1.331,1.334,66376.88
2026-02-07 10:00:00,1.334,1.334,1.322,1.329,65335.99
2026-02-07 11:00:00,1.329,1.331,1.327,1.33,40302.62
2026-02-07 12:00:00,1.33,1.366,1.328,1.353,290300.03
2026-02-07 13:00:00,1.353,1.357,1.339,1.344,81594.01
2026-02-07 14:00:00,1.344,1.346,1.328,1.331,76719.96
2026-02-07 15:00:00,1.331,1.359,1.329,1.354,123810.4
2026-02-07 16:00:00,1.354,1.399,1.354,1.366,1415463.31
2026-02-07 17:00:00,1.366,1.377,1.359,1.371,43351.01
2026-02-07 18:00:00,1.371,1.391,1.37,1.383,138587.84
2026-02-07 19:00:00,1.383,1.383,1.373,1.375,120328.55
2026-02-07 20:00:00,1.375,1.385,1.373,1.382,96896.5
2026-02-07 21:00:00,1.382,1.384,1.374,1.375,108227.5
2026-02-07 22:00:00,1.375,1.38,1.374,1.376,89591.25
2026-02-07 23:00:00,1.376,1.378,1.365,1.372,57256.63
2026-02-08 00:00:00,1.372,1.372,1.364,1.366,72002.96
2026-02-08 01:00:00,1.366,1.372,1.363,1.366,49869.51
2026-02-08 02:00:00,1.366,1.369,1.355,1.358,66079.43
2026-02-08 03:00:00,1.358,1.361,1.351,1.352,102393.06
2026-02-08 04:00:00,1.352,1.355,1.347,1.352,137864.69
2026-02-08 05:00:00,1.352,1.354,1.345,1.347,28449.67
2026-02-08 06:00:00,1.347,1.348,1.343,1.345,27921.65
2026-02-08 07:00:00,1.345,1.348,1.339,1.348,88657.85
2026-02-08 08:00:00,1.348,1.373,1.347,1.371,197898.41
2026-02-08 09:00:00,1.371,1.375,1.356,1.359,52028.14
2026-02-08 10:00:00,1.359,1.364,1.347,1.352,134120.51
2026-02-08 11:00:00,1.352,1.372,1.351,1.369,119458.08
2026-02-08 12:00:00,1.369,1.369,1.359,1.365,142914.32
2026-02-08 13:00:00,1.365,1.366,1.357,1.363,144717.34
2026-02-08 14:00:00,1.363,1.369,1.361,1.368,112633.94
2026-02-08 15:00:00,1.368,1.371,1.35,1.356,115382.64
2026-02-08 16:00:00,1.356,1.358,1.328,1.332,56822.55
2026-02-08 17:00:00,1.332,1.345,1.332,1.343,98593.27
2026-02-08 18:00:00,1.343,1.359,1.343,1.352,74932.05
2026-02-08 19:00:00,1.352,1.359,1.351,1.357,42075.02
2026-02-08 20:00:00,1.357,1.358,1.341,1.341,33610.07
2026-02-08 21:00:00,1.341,1.345,1.33,1.336,112019.99
2026-02-08 22:00:00,1.336,1.341,1.333,1.34,95822.12
2026-02-08 23:00:00,1.34,1.367,1.324,1.336,263216.02
2026-02-09 00:00:00,1.336,1.341,1.329,1.337,41520.46
2026-02-09 01:00:00,1.337,1.347,1.328,1.334,159378.38
2026-02-09 02:00:00,1.334,1.347,1.332,1.341,108974.54
2026-02-09 03:00:00,1.341,1.349,1.334,1.346,85516
2026-02-09 04:00:00,1.346,1.346,1.331,1.331,102682.52
2026-02-09 05:00:00,1.331,1.334,1.328,1.332,59741.32
2026-02-09 06:00:00,1.332,1.332,1.318,1.323,81542.04
2026-02-09 07:00:00,1.323,1.325,1.314,1.316,72978.82
2026-02-09 08:00:00,1.316,1.32,1.298,1.305,101632.82
2026-02-09 09:00:00,1.305,1.306,1.296,1.298,130952.14
2026-02-09 10:00:00,1.298,1.299,1.276,1.282,216636.99
2026-02-09 11:00:00,1.282,1.292,1.282,1.29,76709.82
2026-02-09 12:00:00,1.29,1.3,1.288,1.296,79511.52
2026-02-09 13:00:00,1.296,1.303,1.293,1.293,153690.24
2026-02-09 14:00:00,1.293,1.32,1.292,1.318,339915.05
2026-02-09 15:00:00,1.318,1.329,1.29,1.309,233817.99
2026-02-09 16:00:00,1.309,1.329,1.3,1.318,117847.53
2026-02-09 17:00:00,1.318,1.342,1.313,1.336,132757.53
2026-02-09 18:00:00,1.336,1.342,1.323,1.331,114898.4
2026-02-09 19:00:00,1.331,1.333,1.324,1.331,60993.39
2026-02-09 20:00:00,1.331,1.334,1.319,1.326,53173.4
2026-02-09 21:00:00,1.326,1.327,1.31,1.324,100195.21
2026-02-09 22:00:00,1.324,1.328,1.322,1.326,45996.02
2026-02-09 23:00:00,1.326,1.329,1.318,1.319,53673.01
2026-02-10 00:00:00,1.319,1.322,1.312,1.314,65486.51
2026-02-10 01:00:00,1.314,1.326,1.313,1.323,46648.41
2026-02-10 02:00:00,1.323,1.323,1.311,1.314,47209.97
2026-02-10 03:00:00,1.314,1.315,1.291,1.298,180214.76
2026-02-10 04:00:00,1.298,1.309,1.297,1.308,85502.34
2026-02-10 05:00:00,1.308,1.308,1.292,1.296,80360.28
2026-02-10 06:00:00,1.296,1.297,1.273,1.277,232587.4
2026-02-10 07:00:00,1.277,1.286,1.277,1.282,77269.68
2026-02-10 08:00:00,1.282,1.287,1.278,1.287,53096.61
2026-02-10 09:00:00,1.287,1.292,1.279,1.279,734198.09
2026-02-10 10:00:00,1.279,1.28,1.271,1.272,61043.54
2026-02-10 11:00:00,1.272,1.277,1.27,1.271,66965.81
2026-02-10 12:00:00,1.271,1.275,1.267,1.267,142877.95
2026-02-10 13:00:00,1.267,1.275,1.264,1.272,133134.27
2026-02-10 14:00:00,1.272,1.284,1.267,1.275,166838.06
2026-02-10 15:00:00,1.275,1.289,1.272,1.283,154973.33
2026-02-10 16:00:00,1.283,1.285,1.272,1.276,122723.55
2026-02-10 17:00:00,1.276,1.286,1.272,1.282,55170.23
2026-02-10 18:00:00,1.282,1.284,1.266,1.272,300995.3
2026-02-10 19:00:00,1.272,1.279,1.267,1.273,61751.1
2026-02-10 20:00:00,1.273,1.278,1.269,1.275,79500.14
2026-02-10 21:00:00,1.275,1.278,1.27,1.274,98082.45
2026-02-10 22:00:00,1.274,1.284,1.274,1.278,54713.12
2026-02-10 23:00:00,1.278,1.285,1.276,1.282,38492.36
2026-02-11 00:00:00,1.282,1.287,1.282,1.284,63858.44
2026-02-11 01:00:00,1.284,1.288,1.283,1.286,56029.61
2026-02-11 02:00:00,1.286,1.291,1.28,1.28,64833.37
2026-02-11 03:00:00,1.28,1.282,1.267,1.276,159040.47
2026-02-11 04:00:00,1.276,1.277,1.255,1.256,204306.44
2026-02-11 05:00:00,1.256,1.261,1.253,1.254,60647.12
2026-02-11 06:00:00,1.254,1.255,1.241,1.242,291451.24
2026-02-11 07:00:00,1.242,1.244,1.237,1.239,76670.6
2026-02-11 08:00:00,1.239,1.239,1.233,1.237,99283.64
2026-02-11 09:00:00,1.237,1.242,1.234,1.234,91478.6
2026-02-11 10:00:00,1.234,1.236,1.229,1.233,156247.11
2026-02-11 11:00:00,1.233,1.243,1.233,1.242,70274.29
2026-02-11 12:00:00,1.242,1.243,1.233,1.236,102667.91
2026-02-11 13:00:00,1.236,1.25,1.232,1.249,168956.21
2026-02-11 14:00:00,1.249,1.295,1.237,1.238,363670.77
2026-02-11 15:00:00,1.238,1.244,1.225,1.237,269953.95
2026-02-11 16:00:00,1.237,1.259,1.236,1.237,212209.86
2026-02-11 17:00:00,1.237,1.261,1.235,1.253,137250.57
2026-02-11 18:00:00,1.253,1.267,1.244,1.264,155501.69
2026-02-11 19:00:00,1.264,1.268,1.258,1.259,105480.77
2026-02-11 20:00:00,1.259,1.265,1.25,1.261,104232.63
2026-02-11 21:00:00,1.261,1.279,1.261,1.276,149483.06
2026-02-11 22:00:00,1.276,1.28,1.258,1.259,81587.49
2026-02-11 23:00:00,1.259,1.264,1.248,1.255,184029.63
2026-02-12 00:00:00,1.255,1.27,1.255,1.266,120523.72
2026-02-12 01:00:00,1.266,1.279,1.266,1.27,60834.21
2026-02-12 02:00:00,1.27,1.28,1.269,1.276,82622.13
2026-02-12 03:00:00,1.276,1.281,1.275,1.28,65676
2026-02-12 04:00:00,1.28,1.285,1.277,1.278,24184.11
2026-02-12 05:00:00,1.278,1.282,1.27,1.282,79765.16
2026-02-12 06:00:00,1.282,1.292,1.282,1.286,48334.26
2026-02-12 07:00:00,1.286,1.292,1.282,1.29,42354.89
2026-02-12 08:00:00,1.29,1.291,1.282,1.286,91547.98
2026-02-12 09:00:00,1.286,1.294,1.285,1.291,144793.26
2026-02-12 10:00:00,1.291,1.3,1.286,1.3,52881.45
2026-02-12 11:00:00,1.3,1.302,1.294,1.296,124638.16
2026-02-12 12:00:00,1.296,1.296,1.28,1.284,101805.56
2026-02-12 13:00:00,1.284,1.294,1.277,1.294,200424.67
2026-02-12 14:00:00,1.294,1.294,1.281,1.29,107455.32
2026-02-12 15:00:00,1.29,1.298,1.273,1.274,207382.57
2026-02-12 16:00:00,1.274,1.276,1.25,1.254,190715.09
2026-02-12 17:00:00,1.254,1.268,1.252,1.256,156407.08
2026-02-12 18:00:00,1.256,1.268,1.256,1.266,87582.78
2026-02-12 19:00:00,1.266,1.286,1.262,1.27,110777.29
2026-02-12 20:00:00,1.27,1.273,1.256,1.258,81362.74
2026-02-12 21:00:00,1.258,1.266,1.258,1.264,53430.22
2026-02-12 22:00:00,1.264,1.277,1.261,1.277,105643.04
2026-02-12 23:00:00,1.277,1.284,1.277,1.282,39096.62
2026-02-13 00:00:00,1.282,1.286,1.272,1.277,92875.19
2026-02-13 01:00:00,1.277,1.28,1.271,1.272,69101.75
2026-02-13 02:00:00,1.272,1.275,1.268,1.274,41164.94
2026-02-13 03:00:00,1.274,1.274,1.267,1.27,32363.41
2026-02-13 04:00:00,1.27,1.271,1.263,1.263,24088.51
2026-02-13 05:00:00,1.263,1.264,1.256,1.257,30047.95
2026-02-13 06:00:00,1.257,1.267,1.252,1.267,42381.08
2026-02-13 07:00:00,1.267,1.273,1.265,1.268,49132.95
2026-02-13 08:00:00,1.268,1.281,1.266,1.278,70283.93
2026-02-13 09:00:00,1.278,1.278,1.273,1.277,87154.47
2026-02-13 10:00:00,1.277,1.283,1.275,1.28,38755.31
2026-02-13 11:00:00,1.28,1.28,1.274,1.278,43064.97
2026-02-13 12:00:00,1.278,1.278,1.27,1.274,27403.23
2026-02-13 13:00:00,1.274,1.288,1.271,1.283,131115.37
2026-02-13 14:00:00,1.283,1.297,1.277,1.287,190359.69
2026-02-13 15:00:00,1.287,1.325,1.287,1.306,294379.14
2026-02-13 16:00:00,1.306,1.334,1.303,1.325,145021.12
2026-02-13 17:00:00,1.325,1.33,1.319,1.321,86818.27
2026-02-13 18:00:00,1.321,1.323,1.314,1.32,99209.05
2026-02-13 19:00:00,1.32,1.325,1.317,1.323,48558.6
2026-02-13 20:00:00,1.323,1.329,1.319,1.327,87113.93
2026-02-13 21:00:00,1.327,1.336,1.326,1.333,112356.29
2026-02-13 22:00:00,1.333,1.341,1.329,1.331,91054.16
2026-02-13 23:00:00,1.331,1.332,1.326,1.33,61313.79
2026-02-14 00:00:00,1.33,1.341,1.329,1.34,107991.45
2026-02-14 01:00:00,1.34,1.351,1.339,1.347,63971.62
2026-02-14 02:00:00,1.347,1.347,1.341,1.342,80431.19
2026-02-14 03:00:00,1.342,1.348,1.341,1.346,54813.62
2026-02-14 04:00:00,1.346,1.347,1.342,1.345,39157.69
2026-02-14 05:00:00,1.345,1.349,1.343,1.343,23678.81
2026-02-14 06:00:00,1.343,1.346,1.339,1.346,46205.05
2026-02-14 07:00:00,1.346,1.352,1.343,1.345,91978.98
2026-02-14 08:00:00,1.345,1.364,1.345,1.362,142644.96
2026-02-14 09:00:00,1.362,1.367,1.361,1.365,44168.91
2026-02-14 10:00:00,1.365,1.365,1.357,1.358,51946.82
2026-02-14 11:00:00,1.358,1.375,1.357,1.371,65813.69
2026-02-14 12:00:00,1.371,1.374,1.364,1.365,168620.54
2026-02-14 13:00:00,1.365,1.369,1.36,1.366,61843.08
2026-02-14 14:00:00,1.366,1.391,1.366,1.391,74544.4
2026-02-14 15:00:00,1.391,1.399,1.385,1.398,123380.29
2026-02-14 16:00:00,1.398,1.408,1.389,1.406,128642.83
2026-02-14 17:00:00,1.406,1.414,1.401,1.402,66587.47
2026-02-14 18:00:00,1.402,1.417,1.401,1.415,104107.89
2026-02-14 19:00:00,1.415,1.43,1.411,1.427,103938.1
2026-02-14 20:00:00,1.427,1.43,1.412,1.418,92732.89
2026-02-14 21:00:00,1.418,1.433,1.413,1.418,100149.1
2026-02-14 22:00:00,1.418,1.438,1.418,1.429,56730.99
2026-02-14 23:00:00,1.429,1.43,1.417,1.421,66489.45
2026-02-15 00:00:00,1.421,1.424,1.409,1.414,60041.57
2026-02-15 01:00:00,1.414,1.423,1.404,1.416,61344.07
2026-02-15 02:00:00,1.416,1.42,1.4,1.411,93537.95
2026-02-15 03:00:00,1.411,1.416,1.393,1.416,148069.3
2026-02-15 04:00:00,1.416,1.434,1.414,1.417,89206.31
2026-02-15 05:00:00,1.417,1.429,1.416,1.426,30219.99
2026-02-15 06:00:00,1.426,1.429,1.416,1.424,43276.26
2026-02-15 07:00:00,1.424,1.437,1.423,1.434,54375.63
2026-02-15 08:00:00,1.434,1.437,1.406,1.412,71303.45
2026-02-15 09:00:00,1.412,1.421,1.411,1.415,29746.63
2026-02-15 10:00:00,1.415,1.415,1.397,1.407,50214.46
2026-02-15 11:00:00,1.407,1.413,1.402,1.402,39666.96
2026-02-15 12:00:00,1.402,1.403,1.364,1.364,184457.88
2026-02-15 13:00:00,1.364,1.375,1.35,1.354,295476.35
2026-02-15 14:00:00,1.354,1.369,1.354,1.369,141780.34
2026-02-15 15:00:00,1.369,1.373,1.363,1.367,118212.56
2026-02-15 16:00:00,1.367,1.367,1.355,1.364,77951.43
2026-02-15 17:00:00,1.364,1.366,1.337,1.345,103605.52
2026-02-15 18:00:00,1.345,1.348,1.333,1.337,112737.68
2026-02-15 19:00:00,1.337,1.347,1.331,1.339,91525.74
2026-02-15 20:00:00,1.339,1.351,1.335,1.349,53549.47
2026-02-15 21:00:00,1.349,1.356,1.348,1.351,39676.16
2026-02-15 22:00:00,1.351,1.357,1.349,1.357,57290.26
2026-02-15 23:00:00,1.357,1.357,1.345,1.357,63523.55
2026-02-16 00:00:00,1.357,1.364,1.355,1.358,33322.04
2026-02-16 01:00:00,1.358,1.363,1.35,1.354,19399.21
2026-02-16 02:00:00,1.354,1.358,1.347,1.348,31339.33
2026-02-16 03:00:00,1.348,1.354,1.348,1.353,24603.42
2026-02-16 04:00:00,1.353,1.366,1.352,1.366,22630.77
2026-02-16 05:00:00,1.366,1.37,1.341,1.345,126226
2026-02-16 06:00:00,1.345,1.36,1.345,1.355,21948.48
2026-02-16 07:00:00,1.355,1.358,1.349,1.351,34100.67
2026-02-16 08:00:00,1.351,1.359,1.35,1.356,35498.14
2026-02-16 09:00:00,1.356,1.366,1.354,1.364,32359.06
2026-02-16 10:00:00,1.364,1.364,1.358,1.36,22032.75
2026-02-16 11:00:00,1.36,1.362,1.34,1.356,53268.25
2026-02-16 12:00:00,1.356,1.381,1.355,1.381,71705.43
2026-02-16 13:00:00,1.381,1.389,1.351,1.354,175729.21
2026-02-16 14:00:00,1.354,1.367,1.348,1.362,88082.49
2026-02-16 15:00:00,1.362,1.367,1.332,1.341,102692.05
2026-02-16 16:00:00,1.341,1.355,1.34,1.35,146973.53
2026-02-16 17:00:00,1.35,1.354,1.343,1.349,41025.33
2026-02-16 18:00:00,1.349,1.357,1.348,1.351,46961.96
2026-02-16 19:00:00,1.351,1.361,1.348,1.357,22274.25
2026-02-16 20:00:00,1.357,1.37,1.354,1.368,50382.95
2026-02-16 21:00:00,1.368,1.38,1.364,1.38,63944
2026-02-16 22:00:00,1.38,1.383,1.372,1.376,218886.96
2026-02-16 23:00:00,1.376,1.377,1.373,1.376,20527.05
2026-02-17 00:00:00,1.376,1.378,1.369,1.369,29801.76
2026-02-17 01:00:00,1.369,1.376,1.366,1.366,34021.47
2026-02-17 02:00:00,1.366,1.376,1.358,1.374,39305.49
2026-02-17 03:00:00,1.374,1.377,1.368,1.375,231149.03
2026-02-17 04:00:00,1.375,1.38,1.37,1.377,37481.74
2026-02-17 05:00:00,1.377,1.378,1.363,1.37,27014.87
2026-02-17 06:00:00,1.37,1.377,1.37,1.376,70620.72
2026-02-17 07:00:00,1.376,1.378,1.372,1.373,37012.15
2026-02-17 08:00:00,1.373,1.374,1.362,1.364,33579.19
2026-02-17 09:00:00,1.364,1.364,1.356,1.362,20569.92
2026-02-17 10:00:00,1.362,1.363,1.352,1.355,24228.51
2026-02-17 11:00:00,1.355,1.364,1.355,1.362,28129.61
2026-02-17 12:00:00,1.362,1.366,1.358,1.359,25309.48
2026-02-17 13:00:00,1.359,1.376,1.358,1.373,90343.53
2026-02-17 14:00:00,1.373,1.375,1.34,1.344,157002.46
2026-02-17 15:00:00,1.344,1.359,1.343,1.357,147148.95
2026-02-17 16:00:00,1.357,1.38,1.357,1.366,89851.26
2026-02-17 17:00:00,1.366,1.367,1.343,1.351,115356.47
2026-02-17 18:00:00,1.351,1.375,1.349,1.368,94412.48
2026-02-17 19:00:00,1.368,1.37,1.357,1.359,52261.98
2026-02-17 20:00:00,1.359,1.36,1.349,1.354,49290.81
2026-02-17 21:00:00,1.354,1.359,1.348,1.353,58889.28
2026-02-17 22:00:00,1.353,1.354,1.346,1.347,30767.55
2026-02-17 23:00:00,1.347,1.348,1.344,1.346,34228.16
2026-02-18 00:00:00,1.346,1.347,1.338,1.339,39003.38
2026-02-18 01:00:00,1.339,1.346,1.338,1.346,298621.62
2026-02-18 02:00:00,1.346,1.357,1.345,1.354,23754.89
2026-02-18 03:00:00,1.354,1.359,1.354,1.357,32817
2026-02-18 04:00:00,1.357,1.358,1.35,1.351,33989.35
2026-02-18 05:00:00,1.351,1.355,1.35,1.353,35400.95
2026-02-18 06:00:00,1.353,1.358,1.352,1.352,27211.22
2026-02-18 07:00:00,1.352,1.362,1.351,1.36,22678.87
2026-02-18 08:00:00,1.36,1.366,1.358,1.359,18982.52
2026-02-18 09:00:00,1.359,1.362,1.357,1.358,23114.26
2026-02-18 10:00:00,1.358,1.362,1.352,1.354,60485.75
2026-02-18 11:00:00,1.354,1.355,1.338,1.347,36177.06
2026-02-18 12:00:00,1.347,1.349,1.343,1.346,35957.57
2026-02-18 13:00:00,1.346,1.348,1.334,1.339,23815.96
2026-02-18 14:00:00,1.339,1.344,1.331,1.342,87692.26
2026-02-18 15:00:00,1.342,1.371,1.342,1.356,186201.32
2026-02-18 16:00:00,1.356,1.357,1.336,1.338,71092.34
2026-02-18 17:00:00,1.338,1.351,1.337,1.337,59369.66
2026-02-18 18:00:00,1.337,1.339,1.317,1.318,292935.85
2026-02-18 19:00:00,1.318,1.324,1.304,1.31,181653.71
2026-02-18 20:00:00,1.31,1.319,1.307,1.311,123600.61
2026-02-18 21:00:00,1.311,1.314,1.306,1.307,53955.38
2026-02-18 22:00:00,1.307,1.31,1.301,1.308,53230.68
2026-02-18 23:00:00,1.308,1.312,1.304,1.311,84845.62
2026-02-19 00:00:00,1.311,1.314,1.305,1.306,51950.97
2026-02-19 01:00:00,1.306,1.319,1.306,1.318,85207.62
2026-02-19 02:00:00,1.318,1.321,1.312,1.315,34728.46
2026-02-19 03:00:00,1.315,1.318,1.31,1.315,236440.12
2026-02-19 04:00:00,1.315,1.32,1.313,1.313,27804.59
2026-02-19 05:00:00,1.313,1.314,1.304,1.308,25411.16
2026-02-19 06:00:00,1.308,1.315,1.307,1.312,23125.79
2026-02-19 07:00:00,1.312,1.313,1.308,1.309,39717.66
2026-02-19 08:00:00,1.309,1.309,1.29,1.295,70572.73
2026-02-19 09:00:00,1.295,1.303,1.294,1.298,49702.82
2026-02-19 10:00:00,1.298,1.298,1.291,1.294,154824.8
2026-02-19 11:00:00,1.294,1.296,1.29,1.292,41038.54
2026-02-19 12:00:00,1.292,1.295,1.289,1.289,39329.89
2026-02-19 13:00:00,1.289,1.29,1.27,1.276,163164.52
2026-02-19 14:00:00,1.276,1.289,1.271,1.285,153663.38
2026-02-19 15:00:00,1.285,1.289,1.27,1.273,128441.91
2026-02-19 16:00:00,1.273,1.276,1.261,1.271,266185.55
2026-02-19 17:00:00,1.271,1.287,1.266,1.272,88329.43
2026-02-19 18:00:00,1.272,1.289,1.271,1.285,77580.47
2026-02-19 19:00:00,1.285,1.286,1.272,1.281,74992.08
2026-02-19 20:00:00,1.281,1.285,1.278,1.281,59481.69
2026-02-19 21:00:00,1.281,1.284,1.279,1.279,52983.11
2026-02-19 22:00:00,1.279,1.284,1.276,1.284,47621.74
2026-02-19 23:00:00,1.284,1.288,1.282,1.287,36671.35
2026-02-20 00:00:00,1.287,1.296,1.285,1.296,68391.21
2026-02-20 01:00:00,1.296,1.296,1.29,1.292,27310.73
2026-02-20 02:00:00,1.292,1.296,1.288,1.288,31204.75
2026-02-20 03:00:00,1.288,1.292,1.286,1.288,27055.37
2026-02-20 04:00:00,1.288,1.288,1.274,1.282,70997.27
2026-02-20 05:00:00,1.282,1.298,1.279,1.293,55465.08
2026-02-20 06:00:00,1.293,1.298,1.29,1.298,16400.14
2026-02-20 07:00:00,1.298,1.301,1.296,1.297,92100.2
2026-02-20 08:00:00,1.297,1.303,1.297,1.301,38658.68
2026-02-20 09:00:00,1.301,1.31,1.301,1.309,30548.78
2026-02-20 10:00:00,1.309,1.316,1.305,1.305,77244.75
2026-02-20 11:00:00,1.305,1.306,1.292,1.298,139760.44
2026-02-20 12:00:00,1.298,1.303,1.296,1.298,112243.87
2026-02-20 13:00:00,1.298,1.299,1.276,1.286,204290.72
2026-02-20 14:00:00,1.286,1.308,1.284,1.302,198315.09
2026-02-20 15:00:00,1.302,1.353,1.302,1.349,298133.8
2026-02-20 16:00:00,1.349,1.363,1.338,1.352,303295.24
2026-02-20 17:00:00,1.352,1.352,1.317,1.351,340502.51
2026-02-20 18:00:00,1.351,1.353,1.335,1.343,328903.16
2026-02-20 19:00:00,1.343,1.345,1.331,1.336,107428.34
2026-02-20 20:00:00,1.336,1.339,1.327,1.335,68792.35
2026-02-20 21:00:00,1.335,1.341,1.334,1.337,134181.7
2026-02-20 22:00:00,1.337,1.344,1.332,1.343,41591.24
2026-02-20 23:00:00,1.343,1.343,1.336,1.341,31345.49
2026-02-21 00:00:00,1.341,1.345,1.328,1.33,27800.44
2026-02-21 01:00:00,1.33,1.334,1.329,1.334,14806.87
2026-02-21 02:00:00,1.334,1.344,1.331,1.342,24711.27
2026-02-21 03:00:00,1.342,1.342,1.333,1.339,23273.37
2026-02-21 04:00:00,1.339,1.346,1.337,1.346,14558.39
2026-02-21 05:00:00,1.346,1.362,1.346,1.361,225570.88
2026-02-21 06:00:00,1.361,1.362,1.349,1.352,40281.4
2026-02-21 07:00:00,1.352,1.355,1.349,1.355,21515.46
2026-02-21 08:00:00,1.355,1.372,1.351,1.372,44136.68
2026-02-21 09:00:00,1.372,1.395,1.372,1.38,135659.68
2026-02-21 10:00:00,1.38,1.395,1.379,1.387,90112.45
2026-02-21 11:00:00,1.387,1.396,1.383,1.385,33264.71
2026-02-21 12:00:00,1.385,1.393,1.372,1.375,67104.37
2026-02-21 13:00:00,1.375,1.383,1.374,1.383,32742.12
2026-02-21 14:00:00,1.383,1.391,1.376,1.376,81658.41
2026-02-21 15:00:00,1.376,1.379,1.372,1.373,39265.36
2026-02-21 16:00:00,1.373,1.373,1.359,1.359,51485.23
2026-02-21 17:00:00,1.359,1.363,1.357,1.361,28990.27
2026-02-21 18:00:00,1.361,1.366,1.36,1.366,75414.25
2026-02-21 19:00:00,1.366,1.368,1.36,1.363,18333.93
2026-02-21 20:00:00,1.363,1.364,1.353,1.354,43720.7
2026-02-21 21:00:00,1.354,1.361,1.352,1.361,73523.5
2026-02-21 22:00:00,1.361,1.363,1.357,1.357,93462.56
2026-02-21 23:00:00,1.357,1.362,1.354,1.359,39777.89
2026-02-22 00:00:00,1.359,1.363,1.355,1.36,48411.49
2026-02-22 01:00:00,1.36,1.364,1.359,1.362,29611.82
2026-02-22 02:00:00,1.362,1.365,1.348,1.349,126398.67
2026-02-22 03:00:00,1.349,1.356,1.346,1.356,71613.75
2026-02-22 04:00:00,1.356,1.356,1.344,1.346,35416.8
2026-02-22 05:00:00,1.346,1.348,1.336,1.339,43127.28
2026-02-22 06:00:00,1.339,1.342,1.335,1.341,106066.76
2026-02-22 07:00:00,1.341,1.346,1.34,1.343,24601.14
2026-02-22 08:00:00,1.343,1.343,1.325,1.325,41083.08
2026-02-22 09:00:00,1.325,1.336,1.324,1.335,14008.08
2026-02-22 10:00:00,1.335,1.341,1.334,1.34,23985.08
2026-02-22 11:00:00,1.34,1.342,1.331,1.335,19671.28
2026-02-22 12:00:00,1.335,1.335,1.319,1.323,30246.9
2026-02-22 13:00:00,1.323,1.324,1.318,1.32,31823.35
2026-02-22 14:00:00,1.32,1.321,1.312,1.314,38207.37
2026-02-22 15:00:00,1.314,1.323,1.309,1.321,27929.96
2026-02-22 16:00:00,1.321,1.321,1.313,1.32,21400.71
2026-02-22 17:00:00,1.32,1.321,1.308,1.313,34134.6
2026-02-22 18:00:00,1.313,1.314,1.305,1.313,31392.38
2026-02-22 19:00:00,1.313,1.313,1.305,1.311,16030.27
2026-02-22 20:00:00,1.311,1.312,1.305,1.306,25449.18
2026-02-22 21:00:00,1.306,1.31,1.303,1.309,15543.43
2026-02-22 22:00:00,1.309,1.317,1.308,1.314,35171.14
2026-02-22 23:00:00,1.314,1.315,1.306,1.312,58242.13
2026-02-23 00:00:00,1.312,1.313,1.29,1.29,63195.93
2026-02-23 01:00:00,1.29,1.29,1.239,1.243,696549.19
2026-02-23 02:00:00,1.243,1.253,1.241,1.251,92903.59
2026-02-23 03:00:00,1.251,1.26,1.248,1.257,50914.72
2026-02-23 04:00:00,1.257,1.259,1.249,1.251,51563.44
2026-02-23 05:00:00,1.251,1.26,1.25,1.255,57450.96
2026-02-23 06:00:00,1.255,1.275,1.255,1.274,52982.01
2026-02-23 07:00:00,1.274,1.277,1.269,1.273,40223.91
2026-02-23 08:00:00,1.273,1.276,1.269,1.272,114736.16
2026-02-23 09:00:00,1.272,1.298,1.272,1.295,60569.49
2026-02-23 10:00:00,1.295,1.297,1.289,1.29,96790.56
2026-02-23 11:00:00,1.29,1.299,1.29,1.295,72585.51
2026-02-23 12:00:00,1.295,1.313,1.293,1.306,56155.94
2026-02-23 13:00:00,1.306,1.309,1.301,1.303,76704.79
2026-02-23 14:00:00,1.303,1.31,1.289,1.294,347427.21
2026-02-23 15:00:00,1.294,1.294,1.28,1.281,90211.41
2026-02-23 16:00:00,1.281,1.282,1.272,1.273,82947.84
2026-02-23 17:00:00,1.273,1.277,1.256,1.27,284550.59
2026-02-23 18:00:00,1.27,1.282,1.267,1.268,163411.53
2026-02-23 19:00:00,1.268,1.27,1.259,1.259,87049.49
2026-02-23 20:00:00,1.259,1.269,1.255,1.269,79845.55
2026-02-23 21:00:00,1.269,1.274,1.266,1.27,100696.81
2026-02-23 22:00:00,1.27,1.277,1.269,1.27,112525.54
2026-02-23 23:00:00,1.27,1.273,1.264,1.264,68431.49
2026-02-24 00:00:00,1.264,1.279,1.264,1.276,44822.65
2026-02-24 01:00:00,1.276,1.277,1.249,1.27,195553.79
2026-02-24 02:00:00,1.27,1.273,1.264,1.264,69616.66
2026-02-24 03:00:00,1.264,1.264,1.251,1.256,94263.16
2026-02-24 04:00:00,1.256,1.257,1.244,1.25,97508.31
2026-02-24 05:00:00,1.25,1.256,1.241,1.247,137630.21
2026-02-24 06:00:00,1.247,1.252,1.241,1.242,40975.55
2026-02-24 07:00:00,1.242,1.253,1.242,1.251,59670.16
2026-02-24 08:00:00,1.251,1.26,1.247,1.256,53423.72
2026-02-24 09:00:00,1.256,1.256,1.237,1.243,49335.87
2026-02-24 10:00:00,1.243,1.245,1.239,1.243,44824.8
2026-02-24 11:00:00,1.243,1.245,1.241,1.245,40126.53
2026-02-24 12:00:00,1.245,1.246,1.235,1.238,62263.72
2026-02-24 13:00:00,1.238,1.24,1.226,1.234,108712.8
2026-02-24 14:00:00,1.234,1.249,1.227,1.243,75908.94
2026-02-24 15:00:00,1.243,1.253,1.24,1.248,73037.53
2026-02-24 16:00:00,1.248,1.26,1.247,1.257,64363.1
2026-02-24 17:00:00,1.257,1.257,1.25,1.252,58918.17
2026-02-24 18:00:00,1.252,1.256,1.245,1.251,55022.5
2026-02-24 19:00:00,1.251,1.254,1.244,1.247,67143.39
2026-02-24 20:00:00,1.247,1.249,1.244,1.244,46676.9
2026-02-24 21:00:00,1.244,1.244,1.237,1.24,50926.61
2026-02-24 22:00:00,1.24,1.245,1.238,1.243,44404.94
2026-02-24 23:00:00,1.243,1.244,1.235,1.238,41695.92
2026-02-25 00:00:00,1.238,1.242,1.236,1.241,54356.07
2026-02-25 01:00:00,1.241,1.304,1.241,1.287,247711.38
2026-02-25 02:00:00,1.287,1.297,1.285,1.286,155021.82
2026-02-25 03:00:00,1.286,1.287,1.27,1.271,74939.38
2026-02-25 04:00:00,1.271,1.279,1.264,1.278,94289.62
2026-02-25 05:00:00,1.278,1.278,1.259,1.267,64703.3
2026-02-25 06:00:00,1.267,1.275,1.265,1.267,33741.31
2026-02-25 07:00:00,1.267,1.27,1.265,1.269,39815.05
2026-02-25 08:00:00,1.269,1.286,1.262,1.286,278512.35
2026-02-25 09:00:00,1.286,1.312,1.285,1.312,121623.41
2026-02-25 10:00:00,1.312,1.334,1.308,1.329,462841.61
2026-02-25 11:00:00,1.329,1.391,1.327,1.382,714367.66
2026-02-25 12:00:00,1.382,1.453,1.369,1.437,1796219.25
2026-02-25 13:00:00,1.437,1.503,1.429,1.466,1688828.48
2026-02-25 14:00:00,1.466,1.507,1.459,1.506,796710.4
2026-02-25 15:00:00,1.506,1.553,1.502,1.517,2482041.2
2026-02-25 16:00:00,1.517,1.547,1.515,1.543,656661.03
2026-02-25 17:00:00,1.543,1.584,1.522,1.577,512619.35
2026-02-25 18:00:00,1.577,1.592,1.556,1.576,966296.65
2026-02-25 19:00:00,1.576,1.64,1.559,1.633,952783.36
2026-02-25 20:00:00,1.633,1.676,1.601,1.671,2305191.57
2026-02-25 21:00:00,1.671,1.751,1.659,1.728,2551888.74
2026-02-25 22:00:00,1.728,1.747,1.637,1.657,1695199.71
2026-02-25 23:00:00,1.657,1.69,1.645,1.663,1334129.14
2026-02-26 00:00:00,1.663,1.667,1.6,1.631,1506037.44
2026-02-26 01:00:00,1.631,1.685,1.627,1.666,770842.05
2026-02-26 02:00:00,1.666,1.695,1.639,1.653,749269.88
2026-02-26 03:00:00,1.653,1.662,1.617,1.629,351472.52
2026-02-26 04:00:00,1.629,1.646,1.604,1.615,538159.12
2026-02-26 05:00:00,1.615,1.615,1.581,1.584,321911.02
2026-02-26 06:00:00,1.584,1.601,1.577,1.589,223800.97
2026-02-26 07:00:00,1.589,1.621,1.568,1.581,289900.67
2026-02-26 08:00:00,1.581,1.609,1.577,1.599,363554.25
2026-02-26 09:00:00,1.599,1.633,1.593,1.62,456967.41
2026-02-26 10:00:00,1.62,1.629,1.586,1.586,451570.78
2026-02-26 11:00:00,1.586,1.592,1.574,1.58,179610
2026-02-26 12:00:00,1.58,1.635,1.578,1.611,560801.28
2026-02-26 13:00:00,1.611,1.646,1.586,1.613,332809.34
2026-02-26 14:00:00,1.613,1.622,1.573,1.591,376650.21
2026-02-26 15:00:00,1.591,1.634,1.579,1.62,903696.62
2026-02-26 16:00:00,1.62,1.62,1.534,1.541,1161692.05
2026-02-26 17:00:00,1.541,1.558,1.523,1.526,312272.28
2026-02-26 18:00:00,1.526,1.557,1.524,1.553,313543.17
2026-02-26 19:00:00,1.553,1.573,1.553,1.571,334893.17
2026-02-26 20:00:00,1.571,1.583,1.555,1.559,318135.77
2026-02-26 21:00:00,1.559,1.587,1.557,1.573,245716.48
2026-02-26 22:00:00,1.573,1.598,1.57,1.591,280163.45
2026-02-26 23:00:00,1.591,1.627,1.583,1.608,293625.52
2026-02-27 00:00:00,1.608,1.632,1.6,1.606,340081.84
2026-02-27 01:00:00,1.606,1.627,1.6,1.621,198687.34
2026-02-27 02:00:00,1.621,1.659,1.621,1.643,304167.1
2026-02-27 03:00:00,1.643,1.665,1.625,1.655,287369.06
2026-02-27 04:00:00,1.655,1.682,1.623,1.624,411157.06
2026-02-27 05:00:00,1.624,1.627,1.6,1.609,309132.02
2026-02-27 06:00:00,1.609,1.628,1.592,1.615,199786.54
2026-02-27 07:00:00,1.615,1.616,1.601,1.604,204609.9
2026-02-27 08:00:00,1.604,1.628,1.604,1.615,278665.83
2026-02-27 09:00:00,1.615,1.626,1.604,1.609,157955.55
2026-02-27 10:00:00,1.609,1.617,1.585,1.59,317749.57
2026-02-27 11:00:00,1.59,1.598,1.564,1.565,187306.06
2026-02-27 12:00:00,1.565,1.598,1.551,1.592,578022.74
2026-02-27 13:00:00,1.592,1.596,1.559,1.574,216785.52
2026-02-27 14:00:00,1.574,1.577,1.554,1.556,99618.39
2026-02-27 15:00:00,1.556,1.568,1.553,1.567,198731.42
2026-02-27 16:00:00,1.567,1.58,1.552,1.557,315510.41
2026-02-27 17:00:00,1.557,1.596,1.548,1.595,169243.09
2026-02-27 18:00:00,1.595,1.625,1.584,1.605,587618.98
2026-02-27 19:00:00,1.605,1.613,1.593,1.606,296965.94
2026-02-27 20:00:00,1.606,1.65,1.606,1.622,568820.75
2026-02-27 21:00:00,1.622,1.628,1.612,1.625,187060.43
2026-02-27 22:00:00,1.625,1.637,1.568,1.587,313628.57
2026-02-27 23:00:00,1.587,1.609,1.586,1.599,165255.19
2026-02-28 00:00:00,1.599,1.607,1.578,1.599,279178.99
2026-02-28 01:00:00,1.599,1.599,1.574,1.585,125584.15
2026-02-28 02:00:00,1.585,1.618,1.583,1.612,160111.71
2026-02-28 03:00:00,1.612,1.613,1.574,1.576,179791.22
2026-02-28 04:00:00,1.576,1.579,1.552,1.555,220215.28
2026-02-28 05:00:00,1.555,1.566,1.538,1.541,180121.2
2026-02-28 06:00:00,1.541,1.546,1.482,1.489,578392.42
2026-02-28 07:00:00,1.489,1.529,1.482,1.504,450232.34
2026-02-28 08:00:00,1.504,1.505,1.478,1.482,246723.16
2026-02-28 09:00:00,1.482,1.486,1.459,1.46,238150.34
2026-02-28 10:00:00,1.46,1.478,1.459,1.468,237895.58
2026-02-28 11:00:00,1.468,1.491,1.468,1.476,150820.95
2026-02-28 12:00:00,1.476,1.497,1.476,1.485,264793.6
2026-02-28 13:00:00,1.485,1.539,1.463,1.536,524364.26
2026-02-28 14:00:00,1.536,1.539,1.492,1.5,352502.14
2026-02-28 15:00:00,1.5,1.522,1.486,1.513,330125.41
2026-02-28 16:00:00,1.513,1.52,1.497,1.52,149537.7
2026-02-28 17:00:00,1.52,1.532,1.507,1.53,359112.05
2026-02-28 18:00:00,1.53,1.61,1.529,1.591,538680.49
2026-02-28 19:00:00,1.591,1.641,1.572,1.597,658483.52
2026-02-28 20:00:00,1.597,1.637,1.595,1.623,400015.59
2026-02-28 21:00:00,1.623,1.63,1.604,1.626,178991.51
2026-02-28 22:00:00,1.626,1.674,1.626,1.653,634833.37
2026-02-28 23:00:00,1.653,1.674,1.638,1.661,456799.13
2026-03-01 00:00:00,1.661,1.681,1.631,1.639,489784.86
2026-03-01 01:00:00,1.639,1.666,1.615,1.649,432944.54
2026-03-01 02:00:00,1.649,1.664,1.634,1.634,250432.92
2026-03-01 03:00:00,1.634,1.637,1.611,1.614,146345.88
2026-03-01 04:00:00,1.614,1.62,1.595,1.602,190078.79
2026-03-01 05:00:00,1.602,1.603,1.591,1.599,94823.76
2026-03-01 06:00:00,1.599,1.607,1.583,1.598,171598.34
2026-03-01 07:00:00,1.598,1.621,1.597,1.605,212338.36
2026-03-01 08:00:00,1.605,1.605,1.577,1.579,107294.46
2026-03-01 09:00:00,1.579,1.589,1.569,1.572,68299.15
2026-03-01 10:00:00,1.572,1.578,1.565,1.573,102171.01
2026-03-01 11:00:00,1.573,1.577,1.56,1.564,175593.45
2026-03-01 12:00:00,1.564,1.578,1.55,1.551,103139.4
2026-03-01 13:00:00,1.551,1.574,1.542,1.564,118200.96
2026-03-01 14:00:00,1.564,1.572,1.541,1.547,135460.76
2026-03-01 15:00:00,1.547,1.563,1.546,1.551,117784.18
2026-03-01 16:00:00,1.551,1.56,1.527,1.54,115385.25
2026-03-01 17:00:00,1.54,1.543,1.524,1.532,86766.7
2026-03-01 18:00:00,1.532,1.551,1.531,1.532,115707.02
2026-03-01 19:00:00,1.532,1.534,1.521,1.522,108908.12
2026-03-01 20:00:00,1.522,1.522,1.505,1.509,153391.25
2026-03-01 21:00:00,1.509,1.525,1.507,1.516,180722.3
2026-03-01 22:00:00,1.516,1.539,1.514,1.522,127885.85
2026-03-01 23:00:00,1.522,1.541,1.522,1.534,68911.05
2026-03-02 00:00:00,1.534,1.574,1.532,1.566,79153.42
2026-03-02 01:00:00,1.566,1.599,1.565,1.585,152024.77
2026-03-02 02:00:00,1.585,1.585,1.553,1.557,191754.04
2026-03-02 03:00:00,1.557,1.565,1.552,1.56,92688.1
2026-03-02 04:00:00,1.56,1.579,1.557,1.559,183943.18
2026-03-02 05:00:00,1.559,1.563,1.538,1.54,132323.53
2026-03-02 06:00:00,1.54,1.542,1.517,1.526,106591.83
2026-03-02 07:00:00,1.526,1.526,1.507,1.512,87963.91
2026-03-02 08:00:00,1.512,1.518,1.5,1.516,134165.12
2026-03-02 09:00:00,1.516,1.518,1.507,1.507,58085.07
2026-03-02 10:00:00,1.507,1.516,1.498,1.513,142250.53
2026-03-02 11:00:00,1.513,1.525,1.511,1.517,93288.62
2026-03-02 12:00:00,1.517,1.518,1.5,1.508,330361.97
2026-03-02 13:00:00,1.508,1.522,1.506,1.511,172123.58
2026-03-02 14:00:00,1.511,1.546,1.506,1.532,299401.18
2026-03-02 15:00:00,1.532,1.596,1.525,1.574,616704.37
2026-03-02 16:00:00,1.574,1.602,1.564,1.567,302341.2
2026-03-02 17:00:00,1.567,1.569,1.537,1.557,256225.19
2026-03-02 18:00:00,1.557,1.557,1.538,1.538,138051.78
2026-03-02 19:00:00,1.538,1.539,1.522,1.534,136717.62
2026-03-02 20:00:00,1.534,1.545,1.519,1.519,207883.15
2026-03-02 21:00:00,1.519,1.533,1.512,1.527,193804.66
2026-03-02 22:00:00,1.527,1.531,1.519,1.522,121702.12
2026-03-02 23:00:00,1.522,1.525,1.501,1.509,203483.54
2026-03-03 00:00:00,1.509,1.509,1.491,1.504,179859.4
2026-03-03 01:00:00,1.504,1.515,1.496,1.499,182773.83
2026-03-03 02:00:00,1.499,1.505,1.49,1.5,47381.19
2026-03-03 03:00:00,1.5,1.507,1.49,1.503,50322.23
2026-03-03 04:00:00,1.503,1.504,1.493,1.502,147415.81
2026-03-03 05:00:00,1.502,1.508,1.488,1.491,83057.03
2026-03-03 06:00:00,1.491,1.501,1.484,1.497,48323.43
2026-03-03 07:00:00,1.497,1.518,1.495,1.517,81252.67
2026-03-03 08:00:00,1.517,1.52,1.494,1.499,70830.84
2026-03-03 09:00:00,1.499,1.512,1.481,1.485,192461.27
2026-03-03 10:00:00,1.485,1.497,1.474,1.494,117287.35
2026-03-03 11:00:00,1.494,1.501,1.483,1.485,54417.71
2026-03-03 12:00:00,1.485,1.504,1.483,1.491,63701.58
2026-03-03 13:00:00,1.491,1.497,1.484,1.493,47189.3
2026-03-03 14:00:00,1.493,1.519,1.483,1.494,219545.71
2026-03-03 15:00:00,1.494,1.516,1.491,1.509,133483.82
2026-03-03 16:00:00,1.509,1.557,1.503,1.522,380741.09
2026-03-03 17:00:00,1.522,1.535,1.508,1.532,113770.36
2026-03-03 18:00:00,1.532,1.553,1.525,1.538,168912.92
2026-03-03 19:00:00,1.538,1.544,1.528,1.531,140491.12
2026-03-03 20:00:00,1.531,1.537,1.522,1.53,74867.4
2026-03-03 21:00:00,1.53,1.531,1.511,1.521,109518.89
2026-03-03 22:00:00,1.521,1.534,1.519,1.52,46616.1
2026-03-03 23:00:00,1.52,1.537,1.519,1.532,164261.91
2026-03-04 00:00:00,1.532,1.54,1.524,1.529,75826.79
2026-03-04 01:00:00,1.529,1.55,1.526,1.537,231702.64
2026-03-04 02:00:00,1.537,1.538,1.522,1.535,92280.95
2026-03-04 03:00:00,1.535,1.545,1.521,1.527,111130.16
2026-03-04 04:00:00,1.527,1.529,1.509,1.523,71525.66
2026-03-04 05:00:00,1.523,1.529,1.517,1.523,86711.96
2026-03-04 06:00:00,1.523,1.53,1.513,1.524,57742.28
2026-03-04 07:00:00,1.524,1.539,1.515,1.533,66566.61
2026-03-04 08:00:00,1.533,1.566,1.525,1.562,336829.79
2026-03-04 09:00:00,1.562,1.573,1.549,1.557,524312.76
2026-03-04 10:00:00,1.557,1.561,1.543,1.546,156914.78
2026-03-04 11:00:00,1.546,1.551,1.529,1.536,113716.2
2026-03-04 12:00:00,1.536,1.536,1.51,1.519,88455.67
2026-03-04 13:00:00,1.519,1.529,1.518,1.526,182993.73
2026-03-04 14:00:00,1.526,1.555,1.518,1.522,247045.33
2026-03-04 15:00:00,1.522,1.555,1.515,1.555,413764.48
2026-03-04 16:00:00,1.555,1.559,1.536,1.55,303826.32
2026-03-04 17:00:00,1.55,1.555,1.524,1.54,159937.17
2026-03-04 18:00:00,1.54,1.547,1.531,1.546,76085.85
2026-03-04 19:00:00,1.546,1.568,1.543,1.561,371181.49
2026-03-04 20:00:00,1.561,1.563,1.548,1.551,140534.53
2026-03-04 21:00:00,1.551,1.554,1.538,1.54,128662.16
2026-03-04 22:00:00,1.54,1.552,1.529,1.532,112839.23
2026-03-04 23:00:00,1.532,1.55,1.517,1.541,100447.65
2026-03-05 00:00:00,1.541,1.542,1.528,1.534,58279.23
2026-03-05 01:00:00,1.534,1.544,1.515,1.519,96723.6
2026-03-05 02:00:00,1.519,1.537,1.519,1.524,78533.59
2026-03-05 03:00:00,1.524,1.531,1.523,1.529,59918.26
2026-03-05 04:00:00,1.529,1.555,1.527,1.552,302624.63
2026-03-05 05:00:00,1.552,1.553,1.513,1.516,242462.77
2026-03-05 06:00:00,1.516,1.53,1.51,1.527,129443.46
2026-03-05 07:00:00,1.527,1.533,1.513,1.517,61222.81
2026-03-05 08:00:00,1.517,1.528,1.512,1.528,48267.58
2026-03-05 09:00:00,1.528,1.541,1.526,1.531,70346.37
2026-03-05 10:00:00,1.531,1.55,1.528,1.545,242591.26
2026-03-05 11:00:00,1.545,1.546,1.518,1.522,137111.22
2026-03-05 12:00:00,1.522,1.531,1.518,1.529,62394.52
2026-03-05 13:00:00,1.529,1.53,1.513,1.525,146121.83
2026-03-05 14:00:00,1.525,1.543,1.521,1.543,153211.43
2026-03-05 15:00:00,1.543,1.545,1.507,1.511,251279.18
2026-03-05 16:00:00,1.511,1.516,1.483,1.504,251070.56
2026-03-05 17:00:00,1.504,1.511,1.486,1.489,99487.6
2026-03-05 18:00:00,1.489,1.504,1.486,1.503,55067.4
2026-03-05 19:00:00,1.503,1.523,1.503,1.508,121065.16
2026-03-05 20:00:00,1.508,1.555,1.508,1.54,251538.96
2026-03-05 21:00:00,1.54,1.553,1.533,1.539,94976.09
2026-03-05 22:00:00,1.539,1.54,1.521,1.532,95448.63
2026-03-05 23:00:00,1.532,1.538,1.529,1.53,99868.13
2026-03-06 00:00:00,1.53,1.533,1.524,1.525,85876.51
2026-03-06 01:00:00,1.525,1.547,1.524,1.535,132030.05
2026-03-06 02:00:00,1.535,1.538,1.529,1.53,60323.16
2026-03-06 03:00:00,1.53,1.531,1.523,1.531,61960.7
2026-03-06 04:00:00,1.531,1.531,1.512,1.521,86185.82
2026-03-06 05:00:00,1.521,1.529,1.516,1.526,50669.97
2026-03-06 06:00:00,1.526,1.528,1.52,1.525,20469.14
2026-03-06 07:00:00,1.525,1.547,1.522,1.542,90977.47
2026-03-06 08:00:00,1.542,1.543,1.528,1.529,26638.16
2026-03-06 09:00:00,1.529,1.53,1.513,1.521,68173.29
2026-03-06 10:00:00,1.521,1.535,1.52,1.525,31944.63
2026-03-06 11:00:00,1.525,1.525,1.505,1.507,38069.07
2026-03-06 12:00:00,1.507,1.509,1.497,1.505,76539.59
2026-03-06 13:00:00,1.505,1.518,1.489,1.489,352526.94
2026-03-06 14:00:00,1.489,1.497,1.461,1.467,344093.1
2026-03-06 15:00:00,1.467,1.478,1.455,1.462,281874.06
2026-03-06 16:00:00,1.462,1.48,1.461,1.473,55901.37
2026-03-06 17:00:00,1.473,1.481,1.462,1.469,68663.54
2026-03-06 18:00:00,1.469,1.486,1.468,1.483,61407.82
2026-03-06 19:00:00,1.483,1.493,1.482,1.486,24072.07
2026-03-06 20:00:00,1.486,1.491,1.481,1.49,89432.89
2026-03-06 21:00:00,1.49,1.493,1.486,1.49,46296.88
2026-03-06 22:00:00,1.49,1.498,1.488,1.497,89950.92
2026-03-06 23:00:00,1.497,1.497,1.483,1.488,30455.84
2026-03-07 00:00:00,1.488,1.497,1.488,1.493,109641.22
2026-03-07 01:00:00,1.493,1.498,1.487,1.494,26112.4
2026-03-07 02:00:00,1.494,1.507,1.494,1.507,32161.43
2026-03-07 03:00:00,1.507,1.518,1.497,1.499,39113.34
2026-03-07 04:00:00,1.499,1.504,1.488,1.503,22682.43
2026-03-07 05:00:00,1.503,1.514,1.503,1.512,33316.11
2026-03-07 06:00:00,1.512,1.516,1.496,1.498,31443.77
2026-03-07 07:00:00,1.498,1.501,1.491,1.5,34486.21
2026-03-07 08:00:00,1.5,1.513,1.495,1.495,28817.86
2026-03-07 09:00:00,1.495,1.497,1.485,1.491,23808.65
2026-03-07 10:00:00,1.491,1.492,1.488,1.489,42089.66
2026-03-07 11:00:00,1.489,1.5,1.483,1.489,45268.84
2026-03-07 12:00:00,1.489,1.495,1.488,1.495,37625.95
2026-03-07 13:00:00,1.495,1.499,1.487,1.489,77450.64
2026-03-07 14:00:00,1.489,1.49,1.469,1.477,62068.5
2026-03-07 15:00:00,1.477,1.479,1.463,1.469,45497.28
2026-03-07 16:00:00,1.469,1.473,1.466,1.473,20523.07
2026-03-07 17:00:00,1.473,1.481,1.473,1.478,15967.52
2026-03-07 18:00:00,1.478,1.478,1.449,1.451,233570.58
2026-03-07 19:00:00,1.451,1.453,1.432,1.438,252986.05
2026-03-07 20:00:00,1.438,1.447,1.436,1.438,229476.13
2026-03-07 21:00:00,1.438,1.442,1.436,1.442,30110.71
2026-03-07 22:00:00,1.442,1.442,1.432,1.438,40909.84
2026-03-07 23:00:00,1.438,1.449,1.438,1.447,45736.91
2026-03-08 00:00:00,1.447,1.448,1.436,1.438,34665.9
2026-03-08 01:00:00,1.438,1.448,1.434,1.446,30517.29
2026-03-08 02:00:00,1.446,1.447,1.426,1.427,56467.93
2026-03-08 03:00:00,1.427,1.441,1.427,1.435,86459.4
2026-03-08 04:00:00,1.435,1.437,1.428,1.433,81471.8
2026-03-08 05:00:00,1.433,1.447,1.431,1.446,29776.06
2026-03-08 06:00:00,1.446,1.448,1.437,1.443,18810.55
2026-03-08 07:00:00,1.443,1.456,1.442,1.445,40456.58
2026-03-08 08:00:00,1.445,1.447,1.439,1.444,30944.44
2026-03-08 09:00:00,1.444,1.458,1.443,1.457,54256.28
2026-03-08 10:00:00,1.457,1.477,1.457,1.471,51955.41
2026-03-08 11:00:00,1.471,1.475,1.458,1.467,74677.01
2026-03-08 12:00:00,1.467,1.484,1.459,1.479,81110.86
2026-03-08 13:00:00,1.479,1.479,1.456,1.465,71521.07
2026-03-08 14:00:00,1.465,1.469,1.451,1.457,55799.6
2026-03-08 15:00:00,1.457,1.458,1.447,1.453,29527.2
2026-03-08 16:00:00,1.453,1.454,1.445,1.449,70915.76
2026-03-08 17:00:00,1.449,1.458,1.449,1.455,26774.49
2026-03-08 18:00:00,1.455,1.457,1.447,1.455,19126.21
2026-03-08 19:00:00,1.455,1.479,1.453,1.469,160129.02
2026-03-08 20:00:00,1.469,1.474,1.459,1.459,96374.81
2026-03-08 21:00:00,1.459,1.466,1.451,1.462,66045.12
2026-03-08 22:00:00,1.462,1.462,1.431,1.456,247122.33
2026-03-08 23:00:00,1.456,1.463,1.448,1.453,65627.48
2026-03-09 00:00:00,1.453,1.479,1.452,1.468,100620.27
2026-03-09 01:00:00,1.468,1.475,1.457,1.463,79940.59
2026-03-09 02:00:00,1.463,1.476,1.456,1.472,58985.35
2026-03-09 03:00:00,1.472,1.491,1.467,1.47,203341.47
2026-03-09 04:00:00,1.47,1.498,1.47,1.486,192139.27
2026-03-09 05:00:00,1.486,1.52,1.483,1.512,224592.89
2026-03-09 06:00:00,1.512,1.514,1.495,1.497,57796.5
2026-03-09 07:00:00,1.497,1.497,1.472,1.487,67283.1
2026-03-09 08:00:00,1.487,1.49,1.48,1.484,67434.53
2026-03-09 09:00:00,1.484,1.497,1.475,1.481,179080.56
2026-03-09 10:00:00,1.481,1.483,1.473,1.474,48538.86
2026-03-09 11:00:00,1.474,1.479,1.463,1.475,63136.35
2026-03-09 12:00:00,1.475,1.485,1.471,1.481,95262.93
2026-03-09 13:00:00,1.481,1.512,1.481,1.504,172175.61
2026-03-09 14:00:00,1.504,1.51,1.487,1.499,168389.72
2026-03-09 15:00:00,1.499,1.504,1.488,1.5,194079.14
2026-03-09 16:00:00,1.5,1.509,1.495,1.499,85625.44
2026-03-09 17:00:00,1.499,1.508,1.498,1.504,58686.09
2026-03-09 18:00:00,1.504,1.516,1.495,1.503,106523.82
2026-03-09 19:00:00,1.503,1.531,1.494,1.507,154612.87
2026-03-09 20:00:00,1.507,1.51,1.497,1.508,114797.87
2026-03-09 21:00:00,1.508,1.514,1.5,1.508,132732.06
2026-03-09 22:00:00,1.508,1.509,1.485,1.489,68955.82
2026-03-09 23:00:00,1.489,1.496,1.487,1.494,102562.06
2026-03-10 00:00:00,1.494,1.512,1.491,1.504,73426.28
2026-03-10 01:00:00,1.504,1.51,1.496,1.507,85280.62
2026-03-10 02:00:00,1.507,1.531,1.502,1.521,302580.48
2026-03-10 03:00:00,1.521,1.522,1.507,1.508,65401.26
2026-03-10 04:00:00,1.508,1.534,1.508,1.53,249332.83
2026-03-10 05:00:00,1.53,1.533,1.515,1.516,87770.44
2026-03-10 06:00:00,1.516,1.522,1.515,1.519,105537
2026-03-10 07:00:00,1.519,1.526,1.517,1.519,161180.09
2026-03-10 08:00:00,1.519,1.529,1.519,1.522,113687.84
2026-03-10 09:00:00,1.522,1.539,1.522,1.532,98608
2026-03-10 10:00:00,1.532,1.532,1.52,1.525,45516.35
2026-03-10 11:00:00,1.525,1.525,1.517,1.518,57537.66
2026-03-10 12:00:00,1.518,1.518,1.508,1.512,42295.95
2026-03-10 13:00:00,1.512,1.517,1.498,1.51,143694.26
2026-03-10 14:00:00,1.51,1.54,1.498,1.537,303322.8
2026-03-10 15:00:00,1.537,1.546,1.52,1.53,153069.7
2026-03-10 16:00:00,1.53,1.536,1.519,1.535,114078.92
2026-03-10 17:00:00,1.535,1.539,1.518,1.521,130433.47
2026-03-10 18:00:00,1.521,1.522,1.494,1.498,277009.06
2026-03-10 19:00:00,1.498,1.502,1.491,1.499,73758.18
2026-03-10 20:00:00,1.499,1.506,1.499,1.504,27510.31
2026-03-10 21:00:00,1.504,1.504,1.483,1.489,67911.28
2026-03-10 22:00:00,1.489,1.491,1.48,1.486,82787.6
2026-03-10 23:00:00,1.486,1.488,1.485,1.486,34793.2
2026-03-11 00:00:00,1.486,1.486,1.475,1.486,41978.49
2026-03-11 01:00:00,1.486,1.487,1.48,1.483,33274.32
2026-03-11 02:00:00,1.483,1.488,1.479,1.487,52338.92
2026-03-11 03:00:00,1.487,1.494,1.486,1.486,81087.26
2026-03-11 04:00:00,1.486,1.495,1.48,1.494,127012.73
2026-03-11 05:00:00,1.494,1.495,1.474,1.479,65178.88
2026-03-11 06:00:00,1.479,1.494,1.478,1.494,25110.71
2026-03-11 07:00:00,1.494,1.498,1.483,1.485,36635.18
2026-03-11 08:00:00,1.485,1.492,1.485,1.49,76590.89
2026-03-11 09:00:00,1.49,1.499,1.489,1.489,105044.16
2026-03-11 10:00:00,1.489,1.506,1.489,1.503,70422.87
2026-03-11 11:00:00,1.503,1.51,1.499,1.508,360266.1
2026-03-11 12:00:00,1.508,1.542,1.508,1.526,229549.25
2026-03-11 13:00:00,1.526,1.554,1.52,1.531,440622.24
2026-03-11 14:00:00,1.531,1.544,1.53,1.533,109123.44
2026-03-11 15:00:00,1.533,1.534,1.504,1.518,72311.32
2026-03-11 16:00:00,1.518,1.527,1.514,1.525,150005.23
2026-03-11 17:00:00,1.525,1.537,1.517,1.528,104524.14
2026-03-11 18:00:00,1.528,1.54,1.528,1.538,129927.07
2026-03-11 19:00:00,1.538,1.55,1.534,1.538,78374.07
2026-03-11 20:00:00,1.538,1.543,1.528,1.533,66103.93
2026-03-11 21:00:00,1.533,1.536,1.528,1.533,39721.81
2026-03-11 22:00:00,1.533,1.539,1.531,1.536,30956.19
2026-03-11 23:00:00,1.536,1.538,1.519,1.522,48422.56
2026-03-12 00:00:00,1.522,1.526,1.515,1.521,46888.76
2026-03-12 01:00:00,1.521,1.521,1.509,1.514,43729.18
2026-03-12 02:00:00,1.514,1.516,1.501,1.503,116979.47
2026-03-12 03:00:00,1.503,1.507,1.496,1.499,41434.99
2026-03-12 04:00:00,1.499,1.504,1.497,1.5,23193.79
2026-03-12 05:00:00,1.5,1.502,1.493,1.5,26977.68
2026-03-12 06:00:00,1.5,1.504,1.497,1.503,41108.81
2026-03-12 07:00:00,1.503,1.51,1.501,1.51,46936.35
2026-03-12 08:00:00,1.51,1.517,1.509,1.511,42517.1
2026-03-12 09:00:00,1.511,1.522,1.505,1.517,34587.44
2026-03-12 10:00:00,1.517,1.528,1.513,1.52,50470.62
2026-03-12 11:00:00,1.52,1.52,1.505,1.508,140914.67
2026-03-12 12:00:00,1.508,1.511,1.502,1.506,54106.33
2026-03-12 13:00:00,1.506,1.507,1.492,1.498,115248.03
2026-03-12 14:00:00,1.498,1.508,1.486,1.492,136996.96
2026-03-12 15:00:00,1.492,1.508,1.492,1.502,56975.43
2026-03-12 16:00:00,1.502,1.51,1.499,1.503,46357.15
2026-03-12 17:00:00,1.503,1.505,1.495,1.496,44670.81
2026-03-12 18:00:00,1.496,1.503,1.49,1.499,195206.04
2026-03-12 19:00:00,1.499,1.514,1.499,1.508,25004.32
2026-03-12 20:00:00,1.508,1.511,1.503,1.508,33972.95
2026-03-12 21:00:00,1.508,1.514,1.507,1.514,38085.04
2026-03-12 22:00:00,1.514,1.516,1.513,1.516,67632.26
2026-03-12 23:00:00,1.516,1.525,1.513,1.517,65340.42
2026-03-13 00:00:00,1.517,1.549,1.514,1.532,203448.45
2026-03-13 01:00:00,1.532,1.542,1.531,1.54,77831.05
2026-03-13 02:00:00,1.54,1.541,1.527,1.53,51115.91
2026-03-13 03:00:00,1.53,1.534,1.524,1.532,37825.05
2026-03-13 04:00:00,1.532,1.533,1.52,1.521,36939.9
2026-03-13 05:00:00,1.521,1.53,1.516,1.524,81940.12
2026-03-13 06:00:00,1.524,1.526,1.503,1.503,139946.47
2026-03-13 07:00:00,1.503,1.508,1.5,1.507,55886.53
2026-03-13 08:00:00,1.507,1.514,1.502,1.508,60078.46
2026-03-13 09:00:00,1.508,1.517,1.507,1.514,53548.2
2026-03-13 10:00:00,1.514,1.527,1.514,1.523,61603.3
2026-03-13 11:00:00,1.523,1.524,1.514,1.518,85848.35
2026-03-13 12:00:00,1.518,1.536,1.515,1.533,83017.14
2026-03-13 13:00:00,1.533,1.548,1.53,1.537,122044.78
2026-03-13 14:00:00,1.537,1.547,1.514,1.516,229849.5
2026-03-13 15:00:00,1.516,1.523,1.5,1.508,129795.95
2026-03-13 16:00:00,1.508,1.516,1.498,1.512,117562.58
2026-03-13 17:00:00,1.512,1.512,1.48,1.484,133531.37
2026-03-13 18:00:00,1.484,1.486,1.47,1.476,159789.85
2026-03-13 19:00:00,1.476,1.48,1.467,1.47,74236.16
2026-03-13 20:00:00,1.47,1.474,1.463,1.472,69207.86
2026-03-13 21:00:00,1.472,1.481,1.459,1.466,92377.09
2026-03-13 22:00:00,1.466,1.466,1.447,1.458,149977.95
2026-03-13 23:00:00,1.458,1.468,1.457,1.464,54397.34
2026-03-14 00:00:00,1.464,1.464,1.45,1.451,101503.66
2026-03-14 01:00:00,1.451,1.455,1.441,1.451,55377.5
2026-03-14 02:00:00,1.451,1.451,1.44,1.449,51965.03
2026-03-14 03:00:00,1.449,1.455,1.447,1.45,68147.8
2026-03-14 04:00:00,1.45,1.456,1.443,1.448,100179.08
2026-03-14 05:00:00,1.448,1.448,1.438,1.441,65000.44
2026-03-14 06:00:00,1.441,1.441,1.432,1.437,38085.7
2026-03-14 07:00:00,1.437,1.438,1.434,1.437,22428.37
2026-03-14 08:00:00,1.437,1.442,1.437,1.44,41058.72
2026-03-14 09:00:00,1.44,1.441,1.431,1.433,24398.1
2026-03-14 10:00:00,1.433,1.437,1.428,1.436,47735.76
2026-03-14 11:00:00,1.436,1.441,1.436,1.437,19991.24
2026-03-14 12:00:00,1.437,1.443,1.437,1.438,26383.14
2026-03-14 13:00:00,1.438,1.438,1.431,1.435,56690.7
2026-03-14 14:00:00,1.435,1.437,1.429,1.431,45310.5
2026-03-14 15:00:00,1.431,1.435,1.422,1.433,103763.18
2026-03-14 16:00:00,1.433,1.434,1.428,1.429,42129.27
2026-03-14 17:00:00,1.429,1.434,1.428,1.428,15733.77
2026-03-14 18:00:00,1.428,1.43,1.424,1.426,51936.47
2026-03-14 19:00:00,1.426,1.426,1.412,1.413,110335.01
2026-03-14 20:00:00,1.413,1.417,1.407,1.413,161166.64
2026-03-14 21:00:00,1.413,1.416,1.408,1.413,57516.59
2026-03-14 22:00:00,1.413,1.415,1.408,1.408,29955.07
2026-03-14 23:00:00,1.408,1.416,1.405,1.414,130785.76
2026-03-15 00:00:00,1.414,1.418,1.404,1.408,428211.05
2026-03-15 01:00:00,1.408,1.411,1.394,1.408,126639.84
2026-03-15 02:00:00,1.408,1.43,1.408,1.425,132429.55
2026-03-15 03:00:00,1.425,1.427,1.417,1.418,56142.29
2026-03-15 04:00:00,1.418,1.425,1.417,1.419,64272.76
2026-03-15 05:00:00,1.419,1.423,1.415,1.415,86642.05
2026-03-15 06:00:00,1.415,1.419,1.411,1.418,36812.22
2026-03-15 07:00:00,1.418,1.424,1.416,1.419,30526.87
2026-03-15 08:00:00,1.419,1.422,1.417,1.419,53739.75
2026-03-15 09:00:00,1.419,1.425,1.419,1.425,46097.03
2026-03-15 10:00:00,1.425,1.435,1.424,1.427,33855.71
2026-03-15 11:00:00,1.427,1.44,1.427,1.432,91095.74
2026-03-15 12:00:00,1.432,1.442,1.431,1.437,79773.93
2026-03-15 13:00:00,1.437,1.438,1.417,1.423,131519.28
2026-03-15 14:00:00,1.423,1.428,1.417,1.421,39770.35
2026-03-15 15:00:00,1.421,1.421,1.416,1.419,39346.98
2026-03-15 16:00:00,1.419,1.422,1.41,1.412,51913.22
2026-03-15 17:00:00,1.412,1.428,1.412,1.423,46345.3
2026-03-15 18:00:00,1.423,1.424,1.411,1.411,109176.48
2026-03-15 19:00:00,1.411,1.423,1.411,1.423,25888.58
2026-03-15 20:00:00,1.423,1.431,1.42,1.423,354341
2026-03-15 21:00:00,1.423,1.435,1.419,1.43,85407.34
2026-03-15 22:00:00,1.43,1.444,1.417,1.441,346381.21
2026-03-15 23:00:00,1.441,1.445,1.427,1.441,125581.21
2026-03-16 00:00:00,1.441,1.447,1.432,1.438,119205.89
2026-03-16 01:00:00,1.438,1.447,1.433,1.444,60594.32
2026-03-16 02:00:00,1.444,1.447,1.434,1.445,85780.64
2026-03-16 03:00:00,1.445,1.49,1.442,1.478,261295.9
2026-03-16 04:00:00,1.478,1.533,1.478,1.525,595327.17
2026-03-16 05:00:00,1.525,1.55,1.514,1.542,700813.69
2026-03-16 06:00:00,1.542,1.587,1.537,1.578,621448.7
2026-03-16 07:00:00,1.578,1.601,1.577,1.584,515024.73
2026-03-16 08:00:00,1.584,1.624,1.584,1.601,392778.92
2026-03-16 09:00:00,1.601,1.622,1.597,1.608,304751.08
2026-03-16 10:00:00,1.608,1.608,1.571,1.597,331630.72
2026-03-16 11:00:00,1.597,1.631,1.586,1.593,375570.62
2026-03-16 12:00:00,1.593,1.603,1.585,1.586,239731.22
2026-03-16 13:00:00,1.586,1.606,1.579,1.591,417933.63
2026-03-16 14:00:00,1.591,1.593,1.566,1.574,411208.73
2026-03-16 15:00:00,1.574,1.585,1.56,1.569,267873.19
2026-03-16 16:00:00,1.569,1.598,1.568,1.591,220433.87
2026-03-16 17:00:00,1.591,1.602,1.589,1.602,194834.84
2026-03-16 18:00:00,1.602,1.623,1.6,1.61,338723.11
2026-03-16 19:00:00,1.61,1.616,1.602,1.612,302296.27
2026-03-16 20:00:00,1.612,1.651,1.608,1.632,522750.09
2026-03-16 21:00:00,1.632,1.661,1.628,1.629,250848.13
2026-03-16 22:00:00,1.629,1.645,1.626,1.631,185226.61
2026-03-16 23:00:00,1.631,1.653,1.622,1.641,434060
2026-03-17 00:00:00,1.641,1.642,1.62,1.63,193340.74
2026-03-17 01:00:00,1.63,1.633,1.612,1.62,217913.34
2026-03-17 02:00:00,1.62,1.625,1.613,1.613,105004.07
2026-03-17 03:00:00,1.613,1.617,1.596,1.605,103179.16
2026-03-17 04:00:00,1.605,1.618,1.594,1.6,79928.76
2026-03-17 05:00:00,1.6,1.603,1.589,1.598,84155.35
2026-03-17 06:00:00,1.598,1.599,1.59,1.596,676591.55
2026-03-17 07:00:00,1.596,1.615,1.596,1.613,62823.13
2026-03-17 08:00:00,1.613,1.639,1.613,1.621,180775.82
2026-03-17 09:00:00,1.621,1.628,1.611,1.612,120945.76
2026-03-17 10:00:00,1.612,1.612,1.603,1.607,143952.65
2026-03-17 11:00:00,1.607,1.611,1.603,1.603,90342.98
2026-03-17 12:00:00,1.603,1.604,1.585,1.587,94777.59
2026-03-17 13:00:00,1.587,1.6,1.586,1.594,102125.15
2026-03-17 14:00:00,1.594,1.599,1.589,1.594,85092.11
2026-03-17 15:00:00,1.594,1.602,1.586,1.591,93444.68
2026-03-17 16:00:00,1.591,1.595,1.583,1.589,80759.92
2026-03-17 17:00:00,1.589,1.599,1.588,1.598,61002.81
2026-03-17 18:00:00,1.598,1.604,1.597,1.602,51942.86
2026-03-17 19:00:00,1.602,1.602,1.593,1.594,36517.43
2026-03-17 20:00:00,1.594,1.603,1.593,1.603,58731.22
2026-03-17 21:00:00,1.603,1.624,1.603,1.619,48550.97
2026-03-17 22:00:00,1.619,1.624,1.616,1.624,54620.73
2026-03-17 23:00:00,1.624,1.634,1.618,1.62,137200.02
2026-03-18 00:00:00,1.62,1.633,1.618,1.631,137913.43
2026-03-18 01:00:00,1.631,1.639,1.624,1.626,154239.87
2026-03-18 02:00:00,1.626,1.648,1.625,1.642,200567.32
2026-03-18 03:00:00,1.642,1.655,1.635,1.638,181351.99
2026-03-18 04:00:00,1.638,1.644,1.631,1.637,206492.77
2026-03-18 05:00:00,1.637,1.65,1.626,1.627,105404.19
2026-03-18 06:00:00,1.627,1.639,1.627,1.628,98419.46
2026-03-18 07:00:00,1.628,1.63,1.621,1.624,67627.65
2026-03-18 08:00:00,1.624,1.635,1.622,1.624,54215.52
2026-03-18 09:00:00,1.624,1.64,1.623,1.633,89229.1
2026-03-18 10:00:00,1.633,1.638,1.631,1.634,72603.99
2026-03-18 11:00:00,1.634,1.635,1.594,1.604,286913.39
2026-03-18 12:00:00,1.604,1.604,1.582,1.588,166579.41
2026-03-18 13:00:00,1.588,1.595,1.578,1.581,184295.06
2026-03-18 14:00:00,1.581,1.582,1.551,1.552,139135.8
2026-03-18 15:00:00,1.552,1.563,1.54,1.561,223373.79
2026-03-18 16:00:00,1.561,1.561,1.551,1.555,138147.64
2026-03-18 17:00:00,1.555,1.57,1.547,1.559,69338.82
2026-03-18 18:00:00,1.559,1.575,1.554,1.558,114627.77
2026-03-18 19:00:00,1.558,1.568,1.55,1.552,161389.53
2026-03-18 20:00:00,1.552,1.563,1.541,1.563,85561.48
2026-03-18 21:00:00,1.563,1.564,1.556,1.562,80912.46
2026-03-18 22:00:00,1.562,1.567,1.554,1.567,101516.87
2026-03-18 23:00:00,1.567,1.579,1.555,1.579,61766.81
2026-03-19 00:00:00,1.579,1.579,1.561,1.562,92815.13
2026-03-19 01:00:00,1.562,1.563,1.556,1.559,41218.18
2026-03-19 02:00:00,1.559,1.559,1.548,1.549,18904.01
2026-03-19 03:00:00,1.549,1.57,1.547,1.556,129502.26
2026-03-19 04:00:00,1.556,1.558,1.551,1.554,39898.75
2026-03-19 05:00:00,1.554,1.556,1.541,1.545,32859.58
2026-03-19 06:00:00,1.545,1.55,1.544,1.546,29329.48
2026-03-19 07:00:00,1.546,1.547,1.525,1.534,84503.12
2026-03-19 08:00:00,1.534,1.536,1.528,1.53,48934.6
2026-03-19 09:00:00,1.53,1.546,1.53,1.546,65914.01
2026-03-19 10:00:00,1.546,1.546,1.531,1.531,47910.57
2026-03-19 11:00:00,1.531,1.541,1.53,1.54,45131.9
2026-03-19 12:00:00,1.54,1.542,1.522,1.524,92626.07
2026-03-19 13:00:00,1.524,1.527,1.513,1.525,131035.19
2026-03-19 14:00:00,1.525,1.529,1.508,1.513,39237.13
2026-03-19 15:00:00,1.513,1.522,1.502,1.522,175107.95
2026-03-19 16:00:00,1.522,1.522,1.506,1.51,104845.86
2026-03-19 17:00:00,1.51,1.515,1.497,1.514,91908.54
2026-03-19 18:00:00,1.514,1.515,1.51,1.515,31325.69
2026-03-19 19:00:00,1.515,1.535,1.515,1.531,77083.24
2026-03-19 20:00:00,1.531,1.534,1.527,1.529,28554.44
2026-03-19 21:00:00,1.529,1.533,1.521,1.522,411586.73
2026-03-19 22:00:00,1.522,1.522,1.506,1.517,42013.37
2026-03-19 23:00:00,1.517,1.526,1.517,1.522,75559.93
2026-03-20 00:00:00,1.522,1.529,1.521,1.527,55201.94
2026-03-20 01:00:00,1.527,1.543,1.527,1.538,52634.49
2026-03-20 02:00:00,1.538,1.539,1.529,1.537,83365.45
2026-03-20 03:00:00,1.537,1.539,1.531,1.534,188143.85
2026-03-20 04:00:00,1.534,1.545,1.531,1.544,159405.68
2026-03-20 05:00:00,1.544,1.552,1.541,1.542,70450.58
2026-03-20 06:00:00,1.542,1.546,1.539,1.543,54993.9
2026-03-20 07:00:00,1.543,1.543,1.532,1.537,64441.06
2026-03-20 08:00:00,1.537,1.548,1.535,1.537,53999.18
2026-03-20 09:00:00,1.537,1.537,1.521,1.528,62773.36
2026-03-20 10:00:00,1.528,1.534,1.522,1.534,14906.48
2026-03-20 11:00:00,1.534,1.54,1.522,1.529,34980.6
2026-03-20 12:00:00,1.529,1.537,1.526,1.529,33802.79
2026-03-20 13:00:00,1.529,1.535,1.523,1.525,70697.96
2026-03-20 14:00:00,1.525,1.533,1.517,1.518,61094.77
2026-03-20 15:00:00,1.518,1.53,1.514,1.525,73276.71
2026-03-20 16:00:00,1.525,1.526,1.514,1.518,43078.61
2026-03-20 17:00:00,1.518,1.52,1.507,1.518,77773.36
2026-03-20 18:00:00,1.518,1.52,1.503,1.505,58995.58
2026-03-20 19:00:00,1.505,1.511,1.496,1.51,127816.01
2026-03-20 20:00:00,1.51,1.511,1.497,1.507,63959.19
2026-03-20 21:00:00,1.507,1.519,1.504,1.513,52134.96
2026-03-20 22:00:00,1.513,1.523,1.513,1.516,39029.64
2026-03-20 23:00:00,1.516,1.516,1.499,1.501,60172.99
2026-03-21 00:00:00,1.501,1.511,1.499,1.511,73108.8
2026-03-21 01:00:00,1.511,1.513,1.502,1.504,46057.47
2026-03-21 02:00:00,1.504,1.514,1.503,1.512,44558.12
2026-03-21 03:00:00,1.512,1.513,1.51,1.511,16743.83
2026-03-21 04:00:00,1.511,1.515,1.507,1.509,36030.93
2026-03-21 05:00:00,1.509,1.512,1.507,1.509,94767.96
2026-03-21 06:00:00,1.509,1.515,1.508,1.51,92685.43
2026-03-21 07:00:00,1.51,1.511,1.501,1.501,53899.3
2026-03-21 08:00:00,1.501,1.502,1.491,1.5,50517.62
2026-03-21 09:00:00,1.5,1.506,1.491,1.491,48950.56
2026-03-21 10:00:00,1.491,1.495,1.487,1.495,76217.67
2026-03-21 11:00:00,1.495,1.496,1.49,1.492,12577.28
2026-03-21 12:00:00,1.492,1.495,1.49,1.492,21475.61
2026-03-21 13:00:00,1.492,1.493,1.486,1.49,40343.54
2026-03-21 14:00:00,1.49,1.498,1.489,1.489,64016.1
2026-03-21 15:00:00,1.489,1.509,1.488,1.508,42903.05
2026-03-21 16:00:00,1.508,1.508,1.5,1.501,51374.51
2026-03-21 17:00:00,1.501,1.502,1.497,1.5,23284.38
2026-03-21 18:00:00,1.5,1.501,1.495,1.495,42501.96
2026-03-21 19:00:00,1.495,1.496,1.492,1.494,37041.52
2026-03-21 20:00:00,1.494,1.501,1.492,1.501,31190.08
2026-03-21 21:00:00,1.501,1.502,1.494,1.494,26265.46
2026-03-21 22:00:00,1.494,1.499,1.494,1.496,21299.54
2026-03-21 23:00:00,1.496,1.497,1.459,1.467,243025.4
2026-03-22 00:00:00,1.467,1.472,1.444,1.465,168972.93
2026-03-22 01:00:00,1.465,1.47,1.46,1.463,83281.14
2026-03-22 02:00:00,1.463,1.478,1.463,1.472,38572.91
2026-03-22 03:00:00,1.472,1.481,1.469,1.473,130112.22
2026-03-22 04:00:00,1.473,1.479,1.47,1.476,38397.2
2026-03-22 05:00:00,1.476,1.476,1.463,1.463,52239.2
2026-03-22 06:00:00,1.463,1.464,1.461,1.464,29193.9
2026-03-22 07:00:00,1.464,1.465,1.457,1.457,26708.24
2026-03-22 08:00:00,1.457,1.457,1.446,1.453,33277.22
2026-03-22 09:00:00,1.453,1.457,1.452,1.453,20569.59
2026-03-22 10:00:00,1.453,1.453,1.437,1.437,65840.06
2026-03-22 11:00:00,1.437,1.44,1.433,1.433,35360.4
2026-03-22 12:00:00,1.433,1.448,1.433,1.44,150782.69
2026-03-22 13:00:00,1.44,1.444,1.433,1.437,59837.37
2026-03-22 14:00:00,1.437,1.439,1.431,1.433,31640.83
2026-03-22 15:00:00,1.433,1.438,1.432,1.434,73294.62
2026-03-22 16:00:00,1.434,1.437,1.431,1.433,143777.08
2026-03-22 17:00:00,1.433,1.436,1.428,1.433,72728.8
2026-03-22 18:00:00,1.433,1.436,1.424,1.428,38441.07
2026-03-22 19:00:00,1.428,1.429,1.415,1.417,145685.3
2026-03-22 20:00:00,1.417,1.418,1.41,1.411,93789.35
2026-03-22 21:00:00,1.411,1.414,1.395,1.411,167552.94
2026-03-22 22:00:00,1.411,1.424,1.405,1.418,63054.37
2026-03-22 23:00:00,1.418,1.422,1.41,1.411,75187.32
2026-03-23 00:00:00,1.411,1.423,1.411,1.422,77598.66
2026-03-23 01:00:00,1.422,1.43,1.42,1.425,78652.32
2026-03-23 02:00:00,1.425,1.436,1.422,1.433,72043.01
2026-03-23 03:00:00,1.433,1.439,1.431,1.431,228773.38
2026-03-23 04:00:00,1.431,1.44,1.431,1.44,146627.44
2026-03-23 05:00:00,1.44,1.442,1.434,1.437,49937.21
2026-03-23 06:00:00,1.437,1.437,1.413,1.416,80967.5
2026-03-23 07:00:00,1.416,1.419,1.404,1.416,66655.08
2026-03-23 08:00:00,1.416,1.42,1.407,1.41,39523.56
2026-03-23 09:00:00,1.41,1.417,1.404,1.416,47702.16
2026-03-23 10:00:00,1.416,1.423,1.415,1.417,70595.86
2026-03-23 11:00:00,1.417,1.491,1.417,1.464,907094.38
2026-03-23 12:00:00,1.464,1.475,1.457,1.469,103080.86
2026-03-23 13:00:00,1.469,1.482,1.463,1.479,82297.73
2026-03-23 14:00:00,1.479,1.486,1.46,1.464,79560.88
2026-03-23 15:00:00,1.464,1.472,1.433,1.433,721200.16
2026-03-23 16:00:00,1.433,1.44,1.427,1.438,122698.67
2026-03-23 17:00:00,1.438,1.439,1.427,1.435,172357.65
2026-03-23 18:00:00,1.435,1.442,1.428,1.44,208845.58
2026-03-23 19:00:00,1.44,1.44,1.42,1.423,120759.41
2026-03-23 20:00:00,1.423,1.427,1.409,1.426,105811.31
2026-03-23 21:00:00,1.426,1.432,1.426,1.43,56302.85
2026-03-23 22:00:00,1.43,1.43,1.41,1.411,176552.54
2026-03-23 23:00:00,1.411,1.421,1.405,1.42,119570.49
2026-03-24 00:00:00,1.42,1.424,1.413,1.423,261192.73
2026-03-24 01:00:00,1.423,1.424,1.409,1.413,80417.12
2026-03-24 02:00:00,1.413,1.422,1.413,1.414,41149.13
2026-03-24 03:00:00,1.414,1.423,1.409,1.422,49998.94
2026-03-24 04:00:00,1.422,1.426,1.412,1.415,66434.51
2026-03-24 05:00:00,1.415,1.419,1.409,1.416,123432.91
2026-03-24 06:00:00,1.416,1.419,1.408,1.416,60620.94
2026-03-24 07:00:00,1.416,1.427,1.415,1.427,298998.58
2026-03-24 08:00:00,1.427,1.427,1.412,1.42,132664.04
2026-03-24 09:00:00,1.42,1.421,1.412,1.415,79692.57
2026-03-24 10:00:00,1.415,1.415,1.398,1.405,235671.6
2026-03-24 11:00:00,1.405,1.406,1.386,1.397,265646.92
2026-03-24 12:00:00,1.397,1.4,1.391,1.393,114137.6
2026-03-24 13:00:00,1.393,1.4,1.386,1.388,210753.55
2026-03-24 14:00:00,1.388,1.404,1.385,1.402,183641.81
2026-03-24 15:00:00,1.402,1.403,1.38,1.383,128244.99
2026-03-24 16:00:00,1.383,1.383,1.366,1.378,335026.26
2026-03-24 17:00:00,1.378,1.379,1.36,1.368,342577.96
2026-03-24 18:00:00,1.368,1.38,1.362,1.372,78460.97
2026-03-24 19:00:00,1.372,1.384,1.372,1.378,137166.08
2026-03-24 20:00:00,1.378,1.401,1.377,1.396,260939.08
2026-03-24 21:00:00,1.396,1.398,1.384,1.396,157378.37
2026-03-24 22:00:00,1.396,1.399,1.387,1.394,84000.38
2026-03-24 23:00:00,1.394,1.404,1.393,1.402,107136.66
2026-03-25 00:00:00,1.402,1.411,1.394,1.406,127490.31
2026-03-25 01:00:00,1.406,1.409,1.402,1.405,58916.01
2026-03-25 02:00:00,1.405,1.406,1.399,1.4,372485.64
2026-03-25 03:00:00,1.4,1.402,1.39,1.401,164514.61
2026-03-25 04:00:00,1.401,1.403,1.39,1.393,76750.13
2026-03-25 05:00:00,1.393,1.398,1.388,1.388,109117.44
2026-03-25 06:00:00,1.388,1.388,1.379,1.382,101930.06
2026-03-25 07:00:00,1.382,1.388,1.381,1.384,72915.69
2026-03-25 08:00:00,1.384,1.4,1.383,1.384,146604.11
2026-03-25 09:00:00,1.384,1.389,1.375,1.388,195771.45
2026-03-25 10:00:00,1.388,1.395,1.386,1.39,139336.68
2026-03-25 11:00:00,1.39,1.396,1.38,1.393,130446.49
2026-03-25 12:00:00,1.393,1.394,1.38,1.388,167563.35
2026-03-25 13:00:00,1.388,1.391,1.371,1.371,176140.02
2026-03-25 14:00:00,1.371,1.381,1.367,1.379,142756.68
2026-03-25 15:00:00,1.379,1.38,1.363,1.369,73746.44
2026-03-25 16:00:00,1.369,1.382,1.367,1.368,84969.74
2026-03-25 17:00:00,1.368,1.375,1.365,1.372,104629.72
2026-03-25 18:00:00,1.372,1.382,1.371,1.375,184953.01
2026-03-25 19:00:00,1.375,1.376,1.367,1.368,143144.41
2026-03-25 20:00:00,1.368,1.368,1.346,1.352,464385.33
2026-03-25 21:00:00,1.352,1.354,1.349,1.352,137068.44
2026-03-25 22:00:00,1.352,1.364,1.349,1.359,140688.82
2026-03-25 23:00:00,1.359,1.363,1.354,1.362,107559.47
2026-03-26 00:00:00,1.362,1.368,1.354,1.358,138537.73
2026-03-26 01:00:00,1.358,1.366,1.358,1.359,127588.6
2026-03-26 02:00:00,1.359,1.36,1.345,1.349,116016.44
2026-03-26 03:00:00,1.349,1.349,1.34,1.343,217184.78
2026-03-26 04:00:00,1.343,1.343,1.333,1.335,170167.48
2026-03-26 05:00:00,1.335,1.336,1.327,1.331,273918.02
2026-03-26 06:00:00,1.331,1.331,1.319,1.324,174345.95
2026-03-26 07:00:00,1.324,1.328,1.322,1.328,106722.43
2026-03-26 08:00:00,1.328,1.328,1.318,1.32,169347.44
2026-03-26 09:00:00,1.32,1.322,1.308,1.313,181671.44
2026-03-26 10:00:00,1.313,1.313,1.306,1.313,77975.64
2026-03-26 11:00:00,1.313,1.316,1.309,1.314,142462
2026-03-26 12:00:00,1.314,1.328,1.313,1.319,94261.53
2026-03-26 13:00:00,1.319,1.335,1.319,1.331,129382.34
2026-03-26 14:00:00,1.331,1.335,1.326,1.33,71882.17
2026-03-26 15:00:00,1.33,1.33,1.315,1.323,95136.25
2026-03-26 16:00:00,1.323,1.331,1.318,1.319,137191.85
2026-03-26 17:00:00,1.319,1.328,1.318,1.32,87307.28
2026-03-26 18:00:00,1.32,1.323,1.315,1.315,77307.91
2026-03-26 19:00:00,1.315,1.316,1.3,1.307,158841.21
2026-03-26 20:00:00,1.307,1.326,1.302,1.307,282606.85
2026-03-26 21:00:00,1.307,1.327,1.307,1.321,76742.74
2026-03-26 22:00:00,1.321,1.323,1.318,1.319,55069.08
2026-03-26 23:00:00,1.319,1.324,1.315,1.322,65009.86
2026-03-27 00:00:00,1.322,1.324,1.317,1.323,55156.93
2026-03-27 01:00:00,1.323,1.339,1.321,1.335,113248.8
2026-03-27 02:00:00,1.335,1.335,1.326,1.327,148218.12
2026-03-27 03:00:00,1.327,1.328,1.317,1.321,38756.4
2026-03-27 04:00:00,1.321,1.324,1.314,1.32,53299.65
2026-03-27 05:00:00,1.32,1.324,1.316,1.321,112241.47
2026-03-27 06:00:00,1.321,1.323,1.318,1.323,58780.15
2026-03-27 07:00:00,1.323,1.325,1.318,1.324,48040.66
2026-03-27 08:00:00,1.324,1.326,1.308,1.315,113854.98
2026-03-27 09:00:00,1.315,1.316,1.296,1.3,109544.15
2026-03-27 10:00:00,1.3,1.3,1.273,1.276,317277.79
2026-03-27 11:00:00,1.276,1.283,1.274,1.282,96854.28
2026-03-27 12:00:00,1.282,1.283,1.274,1.283,187457.75
2026-03-27 13:00:00,1.283,1.294,1.282,1.286,110267.93
2026-03-27 14:00:00,1.286,1.288,1.275,1.283,74723.87
2026-03-27 15:00:00,1.283,1.289,1.276,1.278,147375.49
2026-03-27 16:00:00,1.278,1.285,1.276,1.28,89905.96
2026-03-27 17:00:00,1.28,1.288,1.28,1.283,61003.16
2026-03-27 18:00:00,1.283,1.283,1.272,1.276,82349.41
2026-03-27 19:00:00,1.276,1.281,1.269,1.28,87196.01
2026-03-27 20:00:00,1.28,1.284,1.272,1.282,38627.73
2026-03-27 21:00:00,1.282,1.292,1.282,1.284,126618.76
2026-03-27 22:00:00,1.284,1.288,1.283,1.284,50604.97
2026-03-27 23:00:00,1.284,1.293,1.28,1.29,52748.79
2026-03-28 00:00:00,1.29,1.292,1.281,1.282,53505.81
2026-03-28 01:00:00,1.282,1.282,1.271,1.278,52455.82
2026-03-28 02:00:00,1.278,1.284,1.275,1.278,56962.55
2026-03-28 03:00:00,1.278,1.284,1.274,1.283,47115.22
2026-03-28 04:00:00,1.283,1.286,1.281,1.283,26252.49
2026-03-28 05:00:00,1.283,1.291,1.282,1.291,53227.75
2026-03-28 06:00:00,1.291,1.297,1.289,1.294,43534.3
2026-03-28 07:00:00,1.294,1.3,1.294,1.3,24697.57
2026-03-28 08:00:00,1.3,1.305,1.3,1.301,79001.11
2026-03-28 09:00:00,1.301,1.302,1.29,1.292,35326.61
2026-03-28 10:00:00,1.292,1.297,1.292,1.295,19951.08
2026-03-28 11:00:00,1.295,1.297,1.285,1.287,66220.55
2026-03-28 12:00:00,1.287,1.287,1.275,1.28,120054.47
2026-03-28 13:00:00,1.28,1.304,1.28,1.295,119682.67
2026-03-28 14:00:00,1.295,1.296,1.284,1.29,118636.58
2026-03-28 15:00:00,1.29,1.294,1.285,1.286,141299.14
2026-03-28 16:00:00,1.286,1.289,1.285,1.289,60705.82
2026-03-28 17:00:00,1.289,1.29,1.275,1.281,76523.91
2026-03-28 18:00:00,1.281,1.285,1.278,1.282,29831.42
2026-03-28 19:00:00,1.282,1.283,1.278,1.282,21839.65
2026-03-28 20:00:00,1.282,1.285,1.282,1.283,33500.03
2026-03-28 21:00:00,1.283,1.283,1.263,1.269,180300.86
2026-03-28 22:00:00,1.269,1.272,1.263,1.266,62079.03
2026-03-28 23:00:00,1.266,1.267,1.254,1.258,261990.62
