timestamp,open,high,low,close,volume
2025-12-27 20:00:00,87527.43,87582.25,87478.28,87513.45,21048898.08
2025-12-27 21:00:00,87513.45,87618.71,87513.45,87616.03,14644200.58
2025-12-27 22:00:00,87616.03,87900.38,87456,87516.39,37041564.9
2025-12-27 23:00:00,87516.39,87925.14,87515.05,87823.31,34343074.73
2025-12-28 00:00:00,87823.31,87901.32,87655.61,87796.19,25331285.14
2025-12-28 01:00:00,87796.19,87885.83,87688.54,87736.45,22001844.5
2025-12-28 02:00:00,87736.45,87817.56,87697.82,87752.13,9083537.21
2025-12-28 03:00:00,87752.13,87787.07,87681.41,87686.41,8306081.49
2025-12-28 04:00:00,87686.41,87775.32,87636.04,87669.46,17869557.22
2025-12-28 05:00:00,87669.46,87669.56,87556.73,87598.1,11403414.54
2025-12-28 06:00:00,87598.1,87731.5,87586.06,87671.89,11195695.23
2025-12-28 07:00:00,87671.89,87675.27,87610.97,87675.11,10492468.85
2025-12-28 08:00:00,87675.11,87914.76,87675.09,87749.04,15063695.87
2025-12-28 09:00:00,87749.04,87843.48,87665.9,87744.37,12955188.53
2025-12-28 10:00:00,87744.37,87953.43,87744.2,87803.14,20997216.65
2025-12-28 11:00:00,87803.14,87871.03,87760.04,87827.46,12406690.96
2025-12-28 12:00:00,87827.46,87834.01,87737.4,87790.83,14972904.95
2025-12-28 13:00:00,87790.83,87889.65,87751.71,87834.92,20012243.28
2025-12-28 14:00:00,87834.92,88018.43,87833.21,87859.37,26546697.47
2025-12-28 15:00:00,87859.37,87947.83,87771.95,87786.12,22283812.15
2025-12-28 16:00:00,87786.12,87845.25,87691.64,87761.32,15422790.88
2025-12-28 17:00:00,87761.32,87877,87674.3,87697.82,18321025.87
2025-12-28 18:00:00,87697.82,87706.93,87449.83,87541.61,49618567.22
2025-12-28 19:00:00,87541.61,87636.73,87450.62,87466.55,28551042.01
2025-12-28 20:00:00,87466.55,87601.13,87381.32,87457.2,23279724.61
2025-12-28 21:00:00,87457.2,87539.56,87386,87529.67,22957337.31
2025-12-28 22:00:00,87529.67,87927.19,87429.74,87843.56,29186164.23
2025-12-28 23:00:00,87843.56,87987.07,87585.83,87886.81,54617469.4
2025-12-29 00:00:00,87886.81,88371.98,87748.41,88232.96,102275311.41
2025-12-29 01:00:00,88232.96,88394.92,87800.31,88372.3,93125034.3
2025-12-29 02:00:00,88372.3,89296.1,88372.3,89085.13,224496108.94
2025-12-29 03:00:00,89085.13,90081.56,89016.47,90031.3,158416524.99
2025-12-29 04:00:00,90031.3,90327.16,89869.32,90069.1,108411238.02
2025-12-29 05:00:00,90069.1,90216.55,89851.97,89906.85,85778595.59
2025-12-29 06:00:00,89906.85,90042.53,89668.22,89687.13,66250981.32
2025-12-29 07:00:00,89687.13,89767.79,89413.37,89517.03,75510796.07
2025-12-29 08:00:00,89517.03,89728.85,89367.99,89455.93,64056217.96
2025-12-29 09:00:00,89455.93,89506.01,87683.97,88013.26,171845424.59
2025-12-29 10:00:00,88013.26,88173.01,87561.68,87686.05,95164466.91
2025-12-29 11:00:00,87686.05,87698.12,87471.49,87475.98,59562320.81
2025-12-29 12:00:00,87475.98,87530.45,86704.68,87281.82,228439243.78
2025-12-29 13:00:00,87281.82,87430.91,87074.52,87289.86,95205557.23
2025-12-29 14:00:00,87289.86,88111.21,87168.06,87338.8,253219378.89
2025-12-29 15:00:00,87338.8,87813.74,87121.95,87598.61,163728696.09
2025-12-29 16:00:00,87598.61,87764.81,87362.45,87548.36,109313492.76
2025-12-29 17:00:00,87548.36,87769.26,87259.02,87763.91,85961516.95
2025-12-29 18:00:00,87763.91,87916.92,87267.75,87368.29,101674448.18
2025-12-29 19:00:00,87368.29,87581.39,87227.89,87264.86,76289029.6
2025-12-29 20:00:00,87264.86,87497,86963.44,87100,152511231.32
2025-12-29 21:00:00,87100,87259.24,87082.49,87232.29,44233898.47
2025-12-29 22:00:00,87232.29,87300.31,86974.97,87242.8,46528055.04
2025-12-29 23:00:00,87242.8,87297.91,87082.39,87133.26,36234154.46
2025-12-30 00:00:00,87133.26,87254.37,87009.72,87151.13,49255198.08
2025-12-30 01:00:00,87151.13,87253.55,87018.3,87208.84,46628874.08
2025-12-30 02:00:00,87208.84,87237.52,86882.3,87002.7,74480652.66
2025-12-30 03:00:00,87002.7,87322.27,86732.68,87272.36,74112713.28
2025-12-30 04:00:00,87272.36,87391.04,87191.48,87208.51,34921771.16
2025-12-30 05:00:00,87208.51,87261.64,87050.03,87148.01,29422410.36
2025-12-30 06:00:00,87148.01,87424.86,87130.6,87345.7,35982792.12
2025-12-30 07:00:00,87345.7,87513.37,87275.28,87395.57,28176316.12
2025-12-30 08:00:00,87395.57,88118.35,87391.63,87766.93,116649509.33
2025-12-30 09:00:00,87766.93,87936.81,87559.68,87896.9,44560589.63
2025-12-30 10:00:00,87896.9,88093.01,87817.35,87855.02,60658785.59
2025-12-30 11:00:00,87855.02,87934.32,87660.24,87807.39,34937411.48
2025-12-30 12:00:00,87807.39,87984.45,87804.04,87923.32,43648890.26
2025-12-30 13:00:00,87923.32,88040.34,87814.95,88010.34,57436661.66
2025-12-30 14:00:00,88010.34,88919.21,87734.15,88784.72,288403641.68
2025-12-30 15:00:00,88784.72,89076.43,88126.82,88938.25,238053554.47
2025-12-30 16:00:00,88938.25,89341.34,88506.07,88674.67,222100207.13
2025-12-30 17:00:00,88674.67,88835.55,88073.97,88311.2,127021166.04
2025-12-30 18:00:00,88311.2,88436.24,88065.22,88241.28,82829025.22
2025-12-30 19:00:00,88241.28,88363.27,87891.85,88154.29,83630187.04
2025-12-30 20:00:00,88154.29,88157.17,87799.39,87857.23,103705503.56
2025-12-30 21:00:00,87857.23,88260.76,87804.68,88208.58,52656254.22
2025-12-30 22:00:00,88208.58,88395.85,88207.28,88346.21,33621453.13
2025-12-30 23:00:00,88346.21,88498.35,88282.12,88410.54,39737467.99
2025-12-31 00:00:00,88410.54,88411.41,88158.84,88172.33,46393857.3
2025-12-31 01:00:00,88172.33,88695.91,88084.8,88561.39,62644043.02
2025-12-31 02:00:00,88561.39,88661.13,88439.32,88585.79,38918503.66
2025-12-31 03:00:00,88585.79,88731.15,88278.28,88355.67,48415180.61
2025-12-31 04:00:00,88355.67,88455.51,88228.99,88237.27,23974792.81
2025-12-31 05:00:00,88237.27,88427.95,88236.83,88360.25,25633386.51
2025-12-31 06:00:00,88360.25,88468.29,88360.25,88414.59,15322482.29
2025-12-31 07:00:00,88414.59,88540.93,88333.28,88517.97,17932144.88
2025-12-31 08:00:00,88517.97,88637.77,88298.71,88337.01,22543231.1
2025-12-31 09:00:00,88337.01,88620.57,88336.88,88569.41,28260286.32
2025-12-31 10:00:00,88569.41,88795.53,88569.39,88741.26,42169669.09
2025-12-31 11:00:00,88741.26,88962.25,88707.15,88919.28,49559700.43
2025-12-31 12:00:00,88919.28,88947.14,88649.6,88684.21,54959665.1
2025-12-31 13:00:00,88684.21,88959.87,88646.41,88890.75,50987900.54
2025-12-31 14:00:00,88890.75,89105.68,88177.27,88389.92,179762131.31
2025-12-31 15:00:00,88389.92,88391.09,87679.11,87843.47,172747676.99
2025-12-31 16:00:00,87843.47,87945.25,87296.65,87548.35,184153930.01
2025-12-31 17:00:00,87548.35,87639.59,87381.6,87505.29,137029348.82
2025-12-31 18:00:00,87505.29,87872.21,87459.98,87574.28,83120562.19
2025-12-31 19:00:00,87574.28,87751.65,87403.51,87418.51,64098280.44
2025-12-31 20:00:00,87418.51,87573.87,87109.45,87538.6,131028259.14
2025-12-31 21:00:00,87538.6,87744.25,87527.66,87668.1,58790761.3
2025-12-31 22:00:00,87668.1,87750.75,87534.48,87604.27,37406262.35
2025-12-31 23:00:00,87604.27,87604.9,87495.48,87519.13,31547043.22
2026-01-01 00:00:00,87519.13,87711.92,87498.75,87675.73,37330077.93
2026-01-01 01:00:00,87675.73,87911.42,87674.62,87818.78,36935829.94
2026-01-01 02:00:00,87818.78,87953.66,87741.92,87778,41504594.04
2026-01-01 03:00:00,87778,87879.14,87698.89,87714.52,21652311.34
2026-01-01 04:00:00,87714.52,87721.62,87400.21,87438.04,123378007.15
2026-01-01 05:00:00,87438.04,87593.53,87437.03,87557.14,33603107.77
2026-01-01 06:00:00,87557.14,87557.28,87489.72,87511.45,16534477.72
2026-01-01 07:00:00,87511.45,87533.11,87460.93,87487.58,16848721.7
2026-01-01 08:00:00,87487.58,87664.81,87482.6,87633.21,46134001.74
2026-01-01 09:00:00,87633.21,87826.69,87614.9,87750.13,15138479.44
2026-01-01 10:00:00,87750.13,87757.91,87667.03,87733.44,13715428.4
2026-01-01 11:00:00,87733.44,87896.33,87727.12,87892.05,17750381.11
2026-01-01 12:00:00,87892.05,87911.76,87791.25,87827.62,15080813.75
2026-01-01 13:00:00,87827.62,87902.28,87751.59,87802.88,24049005.35
2026-01-01 14:00:00,87802.88,87861.87,87706.47,87851.93,64189318.46
2026-01-01 15:00:00,87851.93,88004.73,87817.74,87925.72,27807328.51
2026-01-01 16:00:00,87925.72,87938.5,87772.61,87882.19,23002329.29
2026-01-01 17:00:00,87882.19,88394.31,87863.96,88205.91,61263245
2026-01-01 18:00:00,88205.91,88263.21,87998.43,88079.37,35478392.16
2026-01-01 19:00:00,88079.37,88318.09,87963.29,88275.28,24030473.72
2026-01-01 20:00:00,88275.28,88275.61,88139.79,88155.05,20298694.74
2026-01-01 21:00:00,88155.05,88332.26,88149.32,88283.88,18645602.39
2026-01-01 22:00:00,88283.88,88583.2,88283.88,88538.5,33107573.29
2026-01-01 23:00:00,88538.5,88806.59,88361.07,88742.68,68341253.98
2026-01-02 00:00:00,88742.68,88784.65,88492.25,88738,65771112.04
2026-01-02 01:00:00,88738,88778.91,88422.26,88547.4,35144871.14
2026-01-02 02:00:00,88547.4,88572.16,88289.33,88542.34,32201299.93
2026-01-02 03:00:00,88542.34,89023.49,88479.17,88846.11,87954066.03
2026-01-02 04:00:00,88846.11,88892.67,88533.73,88541.78,35684409.69
2026-01-02 05:00:00,88541.78,88690.71,88477.08,88663.87,34925473.73
2026-01-02 06:00:00,88663.87,88979.99,88631.95,88847.5,40002244.25
2026-01-02 07:00:00,88847.5,88972.47,88748.58,88764.93,36919073.25
2026-01-02 08:00:00,88764.93,89089.9,88712.05,89072.53,70505439.97
2026-01-02 09:00:00,89072.53,89384.11,89008.62,89370.04,149358075.06
2026-01-02 10:00:00,89370.04,89836.71,89356.85,89574.32,109171263.14
2026-01-02 11:00:00,89574.32,89592.67,89281.85,89422.93,55189267.6
2026-01-02 12:00:00,89422.93,89508.53,89301.33,89323.09,64317676
2026-01-02 13:00:00,89323.09,89616.68,89241.9,89279.68,65314558.22
2026-01-02 14:00:00,89279.68,90088.92,88400.9,89541.16,315395852.61
2026-01-02 15:00:00,89541.16,89840.03,88736.91,89358.24,317136186.82
2026-01-02 16:00:00,89358.24,90765.81,89151.83,90340.08,366080502.65
2026-01-02 17:00:00,90340.08,90940.54,90153.46,90341.35,339568834.51
2026-01-02 18:00:00,90341.35,90530.81,89510.4,89730.38,209404991.87
2026-01-02 19:00:00,89730.38,90121.63,89614.03,89857.78,158424936.28
2026-01-02 20:00:00,89857.78,90046.55,89584.74,89705.49,148052048.2
2026-01-02 21:00:00,89705.49,90130.35,89703.17,90027.76,61699985.72
2026-01-02 22:00:00,90027.76,90376.37,89986.1,90165.77,49626179.1
2026-01-02 23:00:00,90165.77,90168.68,89866.13,89959.25,36332231.75
2026-01-03 00:00:00,89959.25,90160.18,89930.34,90126.3,30680039.95
2026-01-03 01:00:00,90126.3,90265.79,90044.1,90247.55,31973974.75
2026-01-03 02:00:00,90247.55,90375.05,90102.61,90301.9,34859456.6
2026-01-03 03:00:00,90301.9,90344.39,90166.62,90292.63,18908966.61
2026-01-03 04:00:00,90292.63,90449.08,90020.04,90134.48,42450656.68
2026-01-03 05:00:00,90134.48,90173.86,89894.54,90003.62,24349026.95
2026-01-03 06:00:00,90003.62,90101.51,89822.64,89844.2,20887746.7
2026-01-03 07:00:00,89844.2,89920.12,89288.1,89550.6,58705252.34
2026-01-03 08:00:00,89550.6,89802.3,89396.11,89642.5,43480748.12
2026-01-03 09:00:00,89642.5,89952.34,89606.6,89767.68,39303340.41
2026-01-03 10:00:00,89767.68,89843.98,89684.76,89726.18,23283072.48
2026-01-03 11:00:00,89726.18,89745.09,89639.14,89710.79,18028596.22
2026-01-03 12:00:00,89710.79,89995.14,89617.37,89988.67,39143854.99
2026-01-03 13:00:00,89988.67,90012.66,89879.38,89960.48,19453124.13
2026-01-03 14:00:00,89960.48,90190.96,89915.92,90079.74,39960156.87
2026-01-03 15:00:00,90079.74,90080.27,89919.66,89926.01,24111969.02
2026-01-03 16:00:00,89926.01,90172.77,89876.23,90061.88,38015890.04
2026-01-03 17:00:00,90061.88,90085.51,89980.87,90048.93,14459076.21
2026-01-03 18:00:00,90048.93,90156.73,89992.6,90099.22,15026771.21
2026-01-03 19:00:00,90099.22,90107.79,90017.41,90080.54,24890636.42
2026-01-03 20:00:00,90080.54,90326.64,89982.81,90317.27,32950192.87
2026-01-03 21:00:00,90317.27,90692.56,90281.85,90519.6,51250833.41
2026-01-03 22:00:00,90519.6,90683.86,90447.1,90552.1,29672474.67
2026-01-03 23:00:00,90552.1,90658.33,90430.35,90598.87,31469569.94
2026-01-04 00:00:00,90598.87,91550.31,90598.62,91297.61,147274656.7
2026-01-04 01:00:00,91297.61,91440.05,90968.52,91193.59,63907465.72
2026-01-04 02:00:00,91193.59,91254.83,91040.26,91096.61,33611912.02
2026-01-04 03:00:00,91096.61,91321.91,91052.83,91199.46,33828083.29
2026-01-04 04:00:00,91199.46,91538.67,91153.2,91359.93,37065791.62
2026-01-04 05:00:00,91359.93,91450.48,91305.2,91441.71,14590889.97
2026-01-04 06:00:00,91441.71,91750.6,91197.91,91197.91,65570450.35
2026-01-04 07:00:00,91197.91,91500.52,91183.28,91489.83,32521462.34
2026-01-04 08:00:00,91489.83,91500.04,91133.92,91330.59,43203994.27
2026-01-04 09:00:00,91330.59,91440.25,91214.15,91418.2,25731384.67
2026-01-04 10:00:00,91418.2,91576.83,91387.05,91555.59,24520477.39
2026-01-04 11:00:00,91555.59,91555.64,91210.12,91268.04,25428092.4
2026-01-04 12:00:00,91268.04,91325.17,91060.41,91106.88,35152955.89
2026-01-04 13:00:00,91106.88,91236.26,90996.36,91227.43,30151844.17
2026-01-04 14:00:00,91227.43,91381.05,91116.65,91296.6,36693779.67
2026-01-04 15:00:00,91296.6,91336.78,91062.28,91291.56,28243437.04
2026-01-04 16:00:00,91291.56,91415.79,91211.58,91282.33,34324203.59
2026-01-04 17:00:00,91282.33,91403,91267.15,91304.3,22189639.37
2026-01-04 18:00:00,91304.3,91306.25,90954.62,91169.66,39199572.35
2026-01-04 19:00:00,91169.66,91174.35,90831.98,91106.76,46012529.23
2026-01-04 20:00:00,91106.76,91313.69,91094.56,91281.13,25221390.05
2026-01-04 21:00:00,91281.13,91389.87,91153.68,91246.72,21869037.59
2026-01-04 22:00:00,91246.72,91361.19,91112.25,91178.88,22605157.79
2026-01-04 23:00:00,91178.88,91551.73,91178.82,91499.58,76873437.16
2026-01-05 00:00:00,91499.58,92384.8,91483.13,92361.16,188627088.96
2026-01-05 01:00:00,92361.16,93340.62,92242.69,92926.82,233433296.59
2026-01-05 02:00:00,92926.82,93122.28,92699.3,92993.92,87798502.29
2026-01-05 03:00:00,92993.92,93163.04,92838.58,92842.07,53964155.03
2026-01-05 04:00:00,92842.07,92919.86,92294.52,92561.85,71125828.82
2026-01-05 05:00:00,92561.85,92682.07,92308.24,92317.21,44321622.61
2026-01-05 06:00:00,92317.21,92452.16,92106.4,92438.37,53681095.84
2026-01-05 07:00:00,92438.37,92590.38,92430.28,92481.24,26833176.07
2026-01-05 08:00:00,92481.24,92720.86,92403.43,92420.89,48253384.62
2026-01-05 09:00:00,92420.89,92795.69,92281.01,92652.66,67559436.55
2026-01-05 10:00:00,92652.66,93106.21,92629.74,93039.63,70698330.01
2026-01-05 11:00:00,93039.63,93111.87,92845.57,93082.01,49279250.46
2026-01-05 12:00:00,93082.01,93160.39,92711.28,92819.85,83998015.88
2026-01-05 13:00:00,92819.85,92962.18,92499.06,92696.09,87992528.91
2026-01-05 14:00:00,92696.09,93628.09,92349.41,93394.19,290931683.84
2026-01-05 15:00:00,93394.19,93994.3,93132.38,93942.19,338697356.27
2026-01-05 16:00:00,93942.19,94075.11,93576.7,93691.72,239709963.11
2026-01-05 17:00:00,93691.72,94464.63,93242.04,94312.45,229081230.76
2026-01-05 18:00:00,94312.45,94506.48,93903.6,94443.61,191400623.46
2026-01-05 19:00:00,94443.61,94495.66,94123.61,94291.16,161261797.13
2026-01-05 20:00:00,94291.16,94804.38,94037.54,94183.1,206521437.65
2026-01-05 21:00:00,94183.1,94228.95,93808.27,94092.52,95081806.73
2026-01-05 22:00:00,94092.52,94400.57,94012.03,94172.25,72974997.22
2026-01-05 23:00:00,94172.25,94185.31,93866.32,93871.45,55340849.89
2026-01-06 00:00:00,93871.45,93988.6,93551.1,93810.8,74552587.18
2026-01-06 01:00:00,93810.8,94163.74,93733.52,93771.48,67353249.01
2026-01-06 02:00:00,93771.48,93869.53,93520.13,93616.83,69506766.93
2026-01-06 03:00:00,93616.83,93932.25,93598.93,93760.02,40333291.23
2026-01-06 04:00:00,93760.02,93989.96,93727.75,93794.02,33607656.6
2026-01-06 05:00:00,93794.02,93811.14,93558.17,93580.53,36042786.84
2026-01-06 06:00:00,93580.53,93932.21,93531.65,93755.88,42633731.56
2026-01-06 07:00:00,93755.88,93763.02,93115.13,93215.92,70134099.33
2026-01-06 08:00:00,93215.92,93384.27,93140.34,93198.63,57811660.13
2026-01-06 09:00:00,93198.63,93535.68,93191.42,93431.38,52460546.74
2026-01-06 10:00:00,93431.38,93629.97,93376.98,93548.36,37709592.53
2026-01-06 11:00:00,93548.36,93878.33,93543.52,93821.89,36714654.82
2026-01-06 12:00:00,93821.89,93962.8,93759.54,93837.5,69714784.86
2026-01-06 13:00:00,93837.5,93841.89,93613.62,93691.49,55432426.75
2026-01-06 14:00:00,93691.49,94428.7,93494.16,93806.05,282596917.96
2026-01-06 15:00:00,93806.05,94283.64,93309.18,93611.76,213345412.84
2026-01-06 16:00:00,93611.76,93741.04,92271.43,92643.08,301434102.53
2026-01-06 17:00:00,92643.08,92716.8,91491.38,91528.45,318360531.44
2026-01-06 18:00:00,91528.45,92169.17,91210.45,91984.48,228245509.02
2026-01-06 19:00:00,91984.48,92282.01,91842.97,92055.31,87726674.03
2026-01-06 20:00:00,92055.31,92646.66,92042.23,92453.04,146650633.08
2026-01-06 21:00:00,92453.04,93796.75,92327.83,93220.99,243397705.38
2026-01-06 22:00:00,93220.99,93820.39,92922.22,93321.89,87023945.82
2026-01-06 23:00:00,93321.89,93752.84,93305.08,93720.48,74769110.57
2026-01-07 00:00:00,93720.48,93720.65,92608.41,92661.08,101843135.88
2026-01-07 01:00:00,92661.08,92837.98,92278.57,92384.76,113025502.1
2026-01-07 02:00:00,92384.76,93003.55,92188.04,92900.5,84591320.76
2026-01-07 03:00:00,92900.5,93054.04,92693.79,92756.24,54783367.11
2026-01-07 04:00:00,92756.24,92868.34,92542.14,92615.74,45091332.49
2026-01-07 05:00:00,92615.74,92801.58,92448.5,92478.75,48252480
2026-01-07 06:00:00,92478.75,92838.11,92467.98,92556.44,33569922.36
2026-01-07 07:00:00,92556.44,92828.53,92556.42,92817.24,22144774.32
2026-01-07 08:00:00,92817.24,92907.78,92621.31,92650.47,48291406.03
2026-01-07 09:00:00,92650.47,92650.86,91534.93,91644.1,117604802.77
2026-01-07 10:00:00,91644.1,91934.09,91532.74,91910.09,57535922.14
2026-01-07 11:00:00,91910.09,92187.97,91867.76,92030.08,39713963.44
2026-01-07 12:00:00,92030.08,92110.16,91902.61,91929.37,45398155.11
2026-01-07 13:00:00,91929.37,92218.62,91795.88,91980.05,58978606.85
2026-01-07 14:00:00,91980.05,92081.35,91307.71,91908.02,236387438.26
2026-01-07 15:00:00,91908.02,91939.79,90952.99,91276.07,338628890.37
2026-01-07 16:00:00,91276.07,91727.52,91088.24,91195.47,204427232.27
2026-01-07 17:00:00,91195.47,91630.7,90957.35,91180.45,185428314.28
2026-01-07 18:00:00,91180.45,91367.73,90660.82,90816.29,150986153.85
2026-01-07 19:00:00,90816.29,91181.28,90582.32,91081.21,162700264.94
2026-01-07 20:00:00,91081.21,91197.72,90667.84,90945.63,130484488.49
2026-01-07 21:00:00,90945.63,91143.08,90940.08,91007.57,47398745.73
2026-01-07 22:00:00,91007.57,91280.12,90363.64,91096.78,53492177.05
2026-01-07 23:00:00,91096.78,91399.77,90930.46,91287.12,72376759.34
2026-01-08 00:00:00,91287.12,91436.04,90996.53,91307.44,57225426.9
2026-01-08 01:00:00,91307.44,91578.27,91215.31,91334.42,67833310.16
2026-01-08 02:00:00,91334.42,91378.96,90666.15,90861.38,97933112.85
2026-01-08 03:00:00,90861.38,91026.09,90521.51,90713.92,63573914.37
2026-01-08 04:00:00,90713.92,91057.08,90604.12,90929.62,54892446.02
2026-01-08 05:00:00,90929.62,91083.36,90682.04,90719.47,38422983.02
2026-01-08 06:00:00,90719.47,90762.86,89780.67,89783.43,140552847.23
2026-01-08 07:00:00,89783.43,90463.15,89534.66,90425.06,93235065.89
2026-01-08 08:00:00,90425.06,90666.96,90050.2,90115.2,65779559.39
2026-01-08 09:00:00,90115.2,90267.64,89854.95,89904.09,63542046.39
2026-01-08 10:00:00,89904.09,90383.32,89672.73,90303.69,85027515.38
2026-01-08 11:00:00,90303.69,90381.1,89912.56,90109.32,85823529.54
2026-01-08 12:00:00,90109.32,90120.57,89667.96,89873.25,101536389.21
2026-01-08 13:00:00,89873.25,89997.02,89760.37,89847.14,63187690.89
2026-01-08 14:00:00,89847.14,90066.81,89212.31,89919.51,276516497.65
2026-01-08 15:00:00,89919.51,90755.79,89713.65,90702.97,251874258.21
2026-01-08 16:00:00,90702.97,90861.75,90226.53,90857.16,191524814
2026-01-08 17:00:00,90857.16,91377.49,90762.25,91308.78,221383647.07
2026-01-08 18:00:00,91308.78,91401.53,90884.47,91052.44,154348441.29
2026-01-08 19:00:00,91052.44,91265.24,90736.31,90864.72,84995080.94
2026-01-08 20:00:00,90864.72,90922.1,90493.89,90847.95,143597776.98
2026-01-08 21:00:00,90847.95,91263.78,90844.25,91208.45,143131387.11
2026-01-08 22:00:00,91208.45,91415.2,90971.16,91164.86,66753686.97
2026-01-08 23:00:00,91164.86,91270.62,90982.17,91032.92,56906426.48
2026-01-09 00:00:00,91032.92,91232.4,90988.02,91215.3,51977014.29
2026-01-09 01:00:00,91215.3,91564.16,90765.82,90970.63,114367086.96
2026-01-09 02:00:00,90970.63,91398.37,90937.37,90957.6,65010648.16
2026-01-09 03:00:00,90957.6,91182.17,90875.09,91131.01,51791491.91
2026-01-09 04:00:00,91131.01,91147.3,90845.55,90929.95,31103033.71
2026-01-09 05:00:00,90929.95,91031.49,90816.45,90987.31,39659177.05
2026-01-09 06:00:00,90987.31,91048.23,90877.47,91026.35,55635951.42
2026-01-09 07:00:00,91026.35,91026.63,90641.97,90650.58,80591189.8
2026-01-09 08:00:00,90650.58,90744.97,89596.59,89917.97,164267024.59
2026-01-09 09:00:00,89917.97,90371.4,89909.05,90237.89,75239222.11
2026-01-09 10:00:00,90237.89,90458.72,90174.63,90393,39320130.7
2026-01-09 11:00:00,90393,90589.99,90316.87,90356.77,27496247.15
2026-01-09 12:00:00,90356.77,90510.7,90145.49,90356.07,52474230.92
2026-01-09 13:00:00,90356.07,90812.89,90317.95,90511.02,130101526.28
2026-01-09 14:00:00,90511.02,90591.82,89852.88,90063.53,221254443.19
2026-01-09 15:00:00,90063.53,91948.91,89752.97,91094.28,383730487.67
2026-01-09 16:00:00,91094.28,91713.75,91088.51,91550.39,218221730.69
2026-01-09 17:00:00,91550.39,91600.53,90923.68,91344.31,207745498.97
2026-01-09 18:00:00,91344.31,91429.98,90254.66,90732.73,190679066.19
2026-01-09 19:00:00,90732.73,90732.95,90079.88,90230.84,162584019.45
2026-01-09 20:00:00,90230.84,90486.81,90126.71,90203.87,140394988.85
2026-01-09 21:00:00,90203.87,90541.81,90015.23,90420.12,73842404.69
2026-01-09 22:00:00,90420.12,90596.57,90240.17,90510.74,34322959.93
2026-01-09 23:00:00,90510.74,90606.89,90484.5,90524.71,27778459.17
2026-01-10 00:00:00,90524.71,90567,90399.65,90474.29,30497111.28
2026-01-10 01:00:00,90474.29,90616.07,90464.1,90568.02,22602698.86
2026-01-10 02:00:00,90568.02,90661.87,90487.2,90570.15,30253478.01
2026-01-10 03:00:00,90570.15,90571.78,90434.09,90515.58,11761038.72
2026-01-10 04:00:00,90515.58,90531.66,90295.26,90339.76,19970861.79
2026-01-10 05:00:00,90339.76,90496.34,90314.01,90483.45,12497551.97
2026-01-10 06:00:00,90483.45,90491.81,90359.62,90388.31,13891634.55
2026-01-10 07:00:00,90388.31,90566.94,90387.9,90554.77,14985968.87
2026-01-10 08:00:00,90554.77,90627.69,90500.73,90544.54,21002074.07
2026-01-10 09:00:00,90544.54,90646.03,90508.09,90645.76,20014069.15
2026-01-10 10:00:00,90645.76,90713.65,90608.87,90710.95,32461694.33
2026-01-10 11:00:00,90710.95,90711.16,90594.16,90622.12,11617277.36
2026-01-10 12:00:00,90622.12,90678.99,90551.73,90624.06,17887771.78
2026-01-10 13:00:00,90624.06,90651.47,90529.03,90546.33,13814743.9
2026-01-10 14:00:00,90546.33,90554.84,90429.07,90482.87,19027767.79
2026-01-10 15:00:00,90482.87,90555.93,90468.15,90549.85,12068537
2026-01-10 16:00:00,90549.85,90615.57,90495.89,90566.94,16909143.53
2026-01-10 17:00:00,90566.94,90632.51,90429.22,90436.71,17372131.02
2026-01-10 18:00:00,90436.71,90488.85,90402.08,90474.51,17911730.05
2026-01-10 19:00:00,90474.51,90518.03,90466.75,90515.84,7083380.9
2026-01-10 20:00:00,90515.84,90546.86,90452.19,90457.6,10723849.99
2026-01-10 21:00:00,90457.6,90459.12,90386,90394.86,14852136.13
2026-01-10 22:00:00,90394.86,90479.65,90279.2,90314.13,26553989.15
2026-01-10 23:00:00,90314.13,90454.63,90312.01,90391.76,18118671.23
2026-01-11 00:00:00,90391.76,90531.72,90335.68,90516.17,19464326.76
2026-01-11 01:00:00,90516.17,90558.53,90442.56,90519.83,12205888.22
2026-01-11 02:00:00,90519.83,90620.74,90507.43,90583.81,16788158.19
2026-01-11 03:00:00,90583.81,90626.77,90524,90623.52,13901631.27
2026-01-11 04:00:00,90623.52,90679.03,90556.99,90679.03,10626046.54
2026-01-11 05:00:00,90679.03,90742.64,90625.95,90661.61,20427794.16
2026-01-11 06:00:00,90661.61,90690.62,90474.91,90627.65,14481155.03
2026-01-11 07:00:00,90627.65,90640.67,90559.38,90593.53,7537439.51
2026-01-11 08:00:00,90593.53,90694.81,90496.06,90672.65,22448122.5
2026-01-11 09:00:00,90672.65,90693.16,90557.87,90618.57,15506791.1
2026-01-11 10:00:00,90618.57,90624.65,90568.45,90617.68,9348696.26
2026-01-11 11:00:00,90617.68,90633.25,90581.45,90630.72,6417210.8
2026-01-11 12:00:00,90630.72,90884.81,90601.81,90814.74,37702062.02
2026-01-11 13:00:00,90814.74,90850.95,90707.25,90747.06,25186867.13
2026-01-11 14:00:00,90747.06,91073.94,90746.68,91011.83,46801711.43
2026-01-11 15:00:00,91011.83,91039.95,90590.92,90760.27,53193281.85
2026-01-11 16:00:00,90760.27,91164.56,90760.21,90917.83,49853752.98
2026-01-11 17:00:00,90917.83,91021.14,90784.94,90862.51,28714737.83
2026-01-11 18:00:00,90862.51,90864.92,90672.07,90761.22,24630433.23
2026-01-11 19:00:00,90761.22,90806.89,90552.87,90573.49,23077437.49
2026-01-11 20:00:00,90573.49,90610.61,90301.26,90580.87,63271012.21
2026-01-11 21:00:00,90580.87,90711.81,90473.35,90633.71,31542134.75
2026-01-11 22:00:00,90633.71,90633.9,90331.15,90411.66,34951986.45
2026-01-11 23:00:00,90411.66,90923.85,90122.7,90885.04,104268078.46
2026-01-12 00:00:00,90885.04,91132.12,90576.37,91130.82,127212148.72
2026-01-12 01:00:00,91130.82,91677.34,90970.99,91292.06,188966220.53
2026-01-12 02:00:00,91292.06,92270.69,91249.6,92099.54,173384342.36
2026-01-12 03:00:00,92099.54,92416.57,91686.41,91693.89,123378632.95
2026-01-12 04:00:00,91693.89,92167.93,91630.36,92056.45,61255561.69
2026-01-12 05:00:00,92056.45,92147.86,91932.96,91992.82,41409993.64
2026-01-12 06:00:00,91992.82,92081.38,91688.78,91707.43,54846742.64
2026-01-12 07:00:00,91707.43,91839.96,91272.41,91294.48,59390194.43
2026-01-12 08:00:00,91294.48,91511.69,90273.14,90640.07,182012266.49
2026-01-12 09:00:00,90640.07,90826.53,90536.15,90577.16,79219525.32
2026-01-12 10:00:00,90577.16,90675.4,90249.96,90319.33,66968409.74
2026-01-12 11:00:00,90319.33,90698.65,90308.59,90512.17,47753300.44
2026-01-12 12:00:00,90512.17,90760.04,90500.98,90678.72,46936979.63
2026-01-12 13:00:00,90678.72,90727.12,90435.91,90523.58,66788672.97
2026-01-12 14:00:00,90523.58,91025.69,90020.58,90804.6,230075730.47
2026-01-12 15:00:00,90804.6,91598.31,90614.93,91588.55,270020697.05
2026-01-12 16:00:00,91588.55,92262.34,91516.95,92068.44,297478482.58
2026-01-12 17:00:00,92068.44,92260.08,90963.56,91439.03,236903404.96
2026-01-12 18:00:00,91439.03,91880.09,91337.49,91628.45,139378695.06
2026-01-12 19:00:00,91628.45,91815.71,91363.82,91795.94,100384795.57
2026-01-12 20:00:00,91795.94,91986.2,91341.28,91418.48,94151063.64
2026-01-12 21:00:00,91418.48,91440.78,90868.33,90980.42,117559527.65
2026-01-12 22:00:00,90980.42,91363.67,90980.42,91156.43,52216829.42
2026-01-12 23:00:00,91156.43,91228.96,90980.08,91199.65,40638911.57
2026-01-13 00:00:00,91199.65,91455.92,91161.57,91382.05,73496527.45
2026-01-13 01:00:00,91382.05,91450.59,90944.45,91091.78,57470056.96
2026-01-13 02:00:00,91091.78,91282.96,91021.3,91029.38,43164528.69
2026-01-13 03:00:00,91029.38,91367.93,91015.41,91316.29,40384469.38
2026-01-13 04:00:00,91316.29,91555.19,91254.78,91419.88,43193476.33
2026-01-13 05:00:00,91419.88,92162.05,91385.51,91829.57,113073304.55
2026-01-13 06:00:00,91829.57,92180.58,91709.19,92095.75,81001461.25
2026-01-13 07:00:00,92095.75,92118.15,91814.09,91849.99,38791028.12
2026-01-13 08:00:00,91849.99,92172.15,91835.67,92081.81,47753886.14
2026-01-13 09:00:00,92081.81,92593.23,91871.95,92190.38,162670936.3
2026-01-13 10:00:00,92190.38,92263.6,91936.4,92047.8,51457434.64
2026-01-13 11:00:00,92047.8,92172.15,91873.97,91908.24,42894854.83
2026-01-13 12:00:00,91908.24,92060.08,91820.09,92019.05,43309146.68
2026-01-13 13:00:00,92019.05,92525.37,91894.58,91982.65,199920181.46
2026-01-13 14:00:00,91982.65,92846.34,91696.82,92399.34,366879511.25
2026-01-13 15:00:00,92399.34,93422.37,92047.73,93420.8,407504298.59
2026-01-13 16:00:00,93420.8,93742.24,93044.85,93374.77,437900208.72
2026-01-13 17:00:00,93374.77,93478.71,93072.76,93201.95,199540550.7
2026-01-13 18:00:00,93201.95,93848.02,93153.05,93605.07,242953627.32
2026-01-13 19:00:00,93605.07,94233.75,93448.58,94218.74,277335288.88
2026-01-13 20:00:00,94218.74,94500.06,94132.18,94416.76,388934866.18
2026-01-13 21:00:00,94416.76,94509.11,94019.32,94087.11,235685000.19
2026-01-13 22:00:00,94087.11,96126.37,94084.88,95715.33,505332462.64
2026-01-13 23:00:00,95715.33,96082.38,95042.98,95374.03,200359717.27
2026-01-14 00:00:00,95374.03,95625.46,95138.74,95207.33,149879971.17
2026-01-14 01:00:00,95207.33,95539.48,95094.46,95205.85,142361693.06
2026-01-14 02:00:00,95205.85,95523.57,95163.05,95309.01,126870495.82
2026-01-14 03:00:00,95309.01,95679.33,95238.36,95673.61,85407426.31
2026-01-14 04:00:00,95673.61,95754.29,95186.02,95201.76,76900335.83
2026-01-14 05:00:00,95201.76,95244.96,94940.42,94991.6,129450426.19
2026-01-14 06:00:00,94991.6,95005.05,94530.69,94998.43,127729823.09
2026-01-14 07:00:00,94998.43,95214.23,94835.2,95186.4,112218383.02
2026-01-14 08:00:00,95186.4,95293.91,94873.34,94875.13,70684247.86
2026-01-14 09:00:00,94875.13,95168.02,94857.86,95065.73,71893749.79
2026-01-14 10:00:00,95065.73,95269.6,94868.03,95065.25,112403221.02
2026-01-14 11:00:00,95065.25,95072.05,94700.68,94755.19,71679624.28
2026-01-14 12:00:00,94755.19,95121.45,94649.4,95039.45,80054460.13
2026-01-14 13:00:00,95039.45,95205.25,94859.52,94965.29,106414079.88
2026-01-14 14:00:00,94965.29,96810.93,94950.98,96494.45,514899991.16
2026-01-14 15:00:00,96494.45,97085.81,96184.08,96767.69,678908601.58
2026-01-14 16:00:00,96767.69,97715.67,96746.8,97317.98,611152728.76
2026-01-14 17:00:00,97317.98,97825.1,96819.32,96976.34,419832393.51
2026-01-14 18:00:00,96976.34,97127.54,96249.48,96815.02,280609616
2026-01-14 19:00:00,96815.02,97651.1,96687.31,97266,200525995.96
2026-01-14 20:00:00,97266,97943.22,97204.57,97666.82,324051501.02
2026-01-14 21:00:00,97666.82,97728.07,97390.73,97569.43,162745536.69
2026-01-14 22:00:00,97569.43,97583.78,96803.37,96889.87,161870302
2026-01-14 23:00:00,96889.87,97378.85,96862.2,96945.09,77680824.22
2026-01-15 00:00:00,96945.09,96991.03,96485.2,96643.79,103248358.02
2026-01-15 01:00:00,96643.79,96968.34,96294.59,96433.28,103976170.07
2026-01-15 02:00:00,96433.28,96597.98,96088.36,96310.43,101064044.66
2026-01-15 03:00:00,96310.43,96371.11,95746.03,95950.82,113113806.56
2026-01-15 04:00:00,95950.82,96352.62,95920.73,96289.85,75907794.48
2026-01-15 05:00:00,96289.85,96481.79,96211.74,96408.31,75921879.06
2026-01-15 06:00:00,96408.31,96556.38,96152.34,96214.37,85309862.71
2026-01-15 07:00:00,96214.37,96737.77,96168.82,96615.86,57570560.78
2026-01-15 08:00:00,96615.86,96648.02,96284.38,96630.4,66584519
2026-01-15 09:00:00,96630.4,97178.67,96546.13,97032.51,93764665.49
2026-01-15 10:00:00,97032.51,97063.12,96728.7,96793.11,70481342.52
2026-01-15 11:00:00,96793.11,96908.45,96566.55,96569.61,58929111.62
2026-01-15 12:00:00,96569.61,96989.69,96502.92,96962.97,67078207.41
2026-01-15 13:00:00,96962.97,97007.48,96597.52,96831.64,112987372.95
2026-01-15 14:00:00,96831.64,97130.61,95559.28,96030.82,344877973.79
2026-01-15 15:00:00,96030.82,96747.15,95410.21,96721.29,398658127.16
2026-01-15 16:00:00,96721.29,96903.62,96238.11,96704.47,254703131.59
2026-01-15 17:00:00,96704.47,97042.84,96387.29,96593.61,165768200.39
2026-01-15 18:00:00,96593.61,96596.84,95722.06,95821.04,197880608.99
2026-01-15 19:00:00,95821.04,95899.08,95166.38,95476.63,215440050.88
2026-01-15 20:00:00,95476.63,95629.01,95102.98,95228.75,246075975.99
2026-01-15 21:00:00,95228.75,95598.82,95161.55,95560.46,90532149.57
2026-01-15 22:00:00,95560.46,95843.04,95472.6,95563.09,50864029.87
2026-01-15 23:00:00,95563.09,95701.15,95388.91,95583.86,45787989.4
2026-01-16 00:00:00,95583.86,95810.48,95552.8,95609.81,54285343.49
2026-01-16 01:00:00,95609.81,95835.5,95403.82,95646.17,53025050.63
2026-01-16 02:00:00,95646.17,95656.79,95365.63,95478.7,69905201.71
2026-01-16 03:00:00,95478.7,95560.86,95302.09,95322.55,29142164.74
2026-01-16 04:00:00,95322.55,95554.37,95123.12,95237.15,56630976.67
2026-01-16 05:00:00,95237.15,95660.24,95222.8,95635.87,68165763.74
2026-01-16 06:00:00,95635.87,95800.19,95505.59,95716.24,57660823.13
2026-01-16 07:00:00,95716.24,95758.46,95456.52,95635.3,32726046.48
2026-01-16 08:00:00,95635.3,95827.46,95553.26,95648.43,43809807.58
2026-01-16 09:00:00,95648.43,95753.5,95568.8,95590.9,26524405.1
2026-01-16 10:00:00,95590.9,95610.31,95260.29,95278.57,56531230.69
2026-01-16 11:00:00,95278.57,95443.32,95226.26,95392.72,49610044.32
2026-01-16 12:00:00,95392.72,95548.62,95330.37,95427.25,44288823.95
2026-01-16 13:00:00,95427.25,95552.13,95267.08,95419.86,55598953.12
2026-01-16 14:00:00,95419.86,95787.7,95150.6,95157.65,176051173.78
2026-01-16 15:00:00,95157.65,95631.44,94246.25,94544.17,366369023.74
2026-01-16 16:00:00,94544.17,94966.6,94466.26,94840.89,156887078.4
2026-01-16 17:00:00,94840.89,95093.35,94532.64,95045.88,95668442.6
2026-01-16 18:00:00,95045.88,95187.73,94938.18,94965.84,101293185.43
2026-01-16 19:00:00,94965.84,95024.37,94792.62,94957.96,81119290.86
2026-01-16 20:00:00,94957.96,95549.05,94637.82,95540.45,218072545.88
2026-01-16 21:00:00,95540.45,95582.07,95323.24,95487.76,125620568.77
2026-01-16 22:00:00,95487.76,95542.75,95222.44,95483.26,53102118.02
2026-01-16 23:00:00,95483.26,95551.71,95403.81,95521.19,28189069.97
2026-01-17 00:00:00,95521.19,95550.97,95398.35,95433.51,26195311
2026-01-17 01:00:00,95433.51,95501.25,95349.56,95361.16,33088981.74
2026-01-17 02:00:00,95361.16,95389.59,95163.45,95332.11,27364922.5
2026-01-17 03:00:00,95332.11,95353.62,95237.09,95335.98,16018239.96
2026-01-17 04:00:00,95335.98,95338.01,95228.59,95274.7,14632741.66
2026-01-17 05:00:00,95274.7,95357.18,95256.6,95284.23,19339308.75
2026-01-17 06:00:00,95284.23,95307.48,95159.73,95199.24,13039115.26
2026-01-17 07:00:00,95199.24,95199.31,95020.08,95070.99,18615347.89
2026-01-17 08:00:00,95070.99,95230,95004.98,95221,17005446.42
2026-01-17 09:00:00,95221,95262.53,95145.53,95228.98,11234312.75
2026-01-17 10:00:00,95228.98,95242.15,95076.81,95077.66,12439994.46
2026-01-17 11:00:00,95077.66,95290.29,95041.79,95286.3,13560859.78
2026-01-17 12:00:00,95286.3,95362.44,95204.2,95226.38,14836067.48
2026-01-17 13:00:00,95226.38,95412.98,95166.01,95407.42,23527390.83
2026-01-17 14:00:00,95407.42,95510.46,95323.55,95439.55,34781423.11
2026-01-17 15:00:00,95439.55,95607.52,95401.18,95546.93,45916777.58
2026-01-17 16:00:00,95546.93,95549.62,95188.2,95276.95,49628083.24
2026-01-17 17:00:00,95276.95,95419.38,95259.73,95338.61,22610957.33
2026-01-17 18:00:00,95338.61,95439.91,95316.98,95397.17,17528048.9
2026-01-17 19:00:00,95397.17,95397.6,95253.6,95266.63,15170705.13
2026-01-17 20:00:00,95266.63,95359.32,95254.41,95353.45,17875688.07
2026-01-17 21:00:00,95353.45,95384.9,95251.44,95280.71,15855997.04
2026-01-17 22:00:00,95280.71,95281.16,95005.31,95135.29,32782203.8
2026-01-17 23:00:00,95135.29,95185.58,95086.39,95117.69,25316484.15
2026-01-18 00:00:00,95117.69,95205.99,95035.49,95079.25,25241574.06
2026-01-18 01:00:00,95079.25,95079.59,94835.48,94935.54,41328802.14
2026-01-18 02:00:00,94935.54,95034.67,94847.52,94996.35,23767139.45
2026-01-18 03:00:00,94996.35,95175.95,94988.55,95163.82,19385737.26
2026-01-18 04:00:00,95163.82,95164,95047.15,95069.1,13189194.66
2026-01-18 05:00:00,95069.1,95226.96,95028.41,95155.13,18077974.97
2026-01-18 06:00:00,95155.13,95178.86,95108.43,95143.5,10152921.56
2026-01-18 07:00:00,95143.5,95153.04,94995.64,95005.54,14784650.41
2026-01-18 08:00:00,95005.54,95163.46,94991.33,95144.97,11528576.14
2026-01-18 09:00:00,95144.97,95249.89,95121.29,95234.02,15952337.99
2026-01-18 10:00:00,95234.02,95261.98,95053.97,95142.18,16584501.46
2026-01-18 11:00:00,95142.18,95148.75,95044.06,95134.37,10200364.31
2026-01-18 12:00:00,95134.37,95148.28,95045.47,95074.04,10508140.06
2026-01-18 13:00:00,95074.04,95169.68,94874.7,95121.05,34731733.61
2026-01-18 14:00:00,95121.05,95327.2,94903.25,94926.44,43365376.66
2026-01-18 15:00:00,94926.44,95096.1,94889.17,95087.43,26364836.26
2026-01-18 16:00:00,95087.43,95160.06,95046.42,95136.12,20881948.19
2026-01-18 17:00:00,95136.12,95246.36,95115.53,95233.83,23391218.93
2026-01-18 18:00:00,95233.83,95488.57,95137.6,95419.67,52872767.06
2026-01-18 19:00:00,95419.67,95489.25,95303.03,95350.49,30998848.37
2026-01-18 20:00:00,95350.49,95414.59,95264.47,95278.38,19449888.4
2026-01-18 21:00:00,95278.38,95401.6,95256.18,95393.86,17039449.27
2026-01-18 22:00:00,95393.86,95496.67,95373.04,95459.58,24826620.96
2026-01-18 23:00:00,95459.58,95464.28,93583.3,93642.09,286198223.93
2026-01-19 00:00:00,93642.09,93642.84,92119.72,92684.02,474749112.58
2026-01-19 01:00:00,92684.02,92837.92,92199.44,92545.19,148234261.62
2026-01-19 02:00:00,92545.19,92639.18,92346.48,92532.07,69210548.71
2026-01-19 03:00:00,92532.07,92751.77,92462.82,92663.13,49845757.85
2026-01-19 04:00:00,92663.13,92711.7,92463.3,92631.82,46666004.31
2026-01-19 05:00:00,92631.82,92777.77,92472.33,92490.71,52488300.9
2026-01-19 06:00:00,92490.71,92601.3,92355.52,92551.34,68938252.06
2026-01-19 07:00:00,92551.34,92813.3,92525.08,92794.56,37381725.15
2026-01-19 08:00:00,92794.56,93329.97,92655.5,93218.59,92657616.12
2026-01-19 09:00:00,93218.59,93225.45,92904.84,93007.19,64223169.44
2026-01-19 10:00:00,93007.19,93038.59,92850.43,93022.13,31796471.41
2026-01-19 11:00:00,93022.13,93269.3,92929.75,93148.74,31465607.45
2026-01-19 12:00:00,93148.74,93181.66,92959.9,93024.49,44217952.86
2026-01-19 13:00:00,93024.49,93108.72,92754.02,92984.9,52531303.61
2026-01-19 14:00:00,92984.9,92992.7,92660.99,92769,72244786.83
2026-01-19 15:00:00,92769,93046.61,92769,93021.39,72728169.21
2026-01-19 16:00:00,93021.39,93371.44,92955.34,93265.23,63246718.39
2026-01-19 17:00:00,93265.23,93351.87,93114.18,93193.37,52244002.35
2026-01-19 18:00:00,93193.37,93219.68,92889.17,93014.97,43798000.19
2026-01-19 19:00:00,93014.97,93106.9,92946.6,93060.43,37831022.69
2026-01-19 20:00:00,93060.43,93224.32,93050.99,93098.88,36638189.41
2026-01-19 21:00:00,93098.88,93298.23,92956.15,92956.25,48929070.47
2026-01-19 22:00:00,92956.25,93005.85,92508.95,92511.3,78772746.07
2026-01-19 23:00:00,92511.3,92690.33,92102.43,92569.44,135910508.55
2026-01-20 00:00:00,92569.44,92810.94,92305.75,92656.09,72535602.31
2026-01-20 01:00:00,92656.09,92813.52,92469.64,92659.88,60584866.65
2026-01-20 02:00:00,92659.88,92671.66,92302.51,92492.28,73512548.55
2026-01-20 03:00:00,92492.28,92595.93,92198.91,92378.42,54205483.85
2026-01-20 04:00:00,92378.42,92413.4,91926.84,92007.28,66993138.07
2026-01-20 05:00:00,92007.28,92015.52,91233.29,91564.84,154706252.76
2026-01-20 06:00:00,91564.84,91568.27,90698.47,90848.33,178850124.82
2026-01-20 07:00:00,90848.33,91215.01,90781.51,91095.95,70875214.76
2026-01-20 08:00:00,91095.95,91169.19,90600.67,91021.17,111031029.03
2026-01-20 09:00:00,91021.17,91021.42,90817.42,90950.78,62156836.77
2026-01-20 10:00:00,90950.78,91216.67,90915.23,91187.75,45444414.79
2026-01-20 11:00:00,91187.75,91379.65,91140.6,91148.04,41806614.31
2026-01-20 12:00:00,91148.04,91238.66,90983.02,91210.29,66173665.83
2026-01-20 13:00:00,91210.29,91223.21,90702.6,90882.16,126336048.42
2026-01-20 14:00:00,90882.16,91301.49,90195.69,90450.42,304078347.11
2026-01-20 15:00:00,90450.42,90720.81,89780.35,90603.33,294190739.62
2026-01-20 16:00:00,90603.33,90906.22,89944.53,90083.75,219591893.28
2026-01-20 17:00:00,90083.75,90423.66,89339.38,89680.38,276686613.4
2026-01-20 18:00:00,89680.38,89859.35,89284.62,89389.91,204484636.02
2026-01-20 19:00:00,89389.91,89685.18,89185.3,89608.55,174038602.98
2026-01-20 20:00:00,89608.55,89730.36,89270.83,89605.88,289373808.45
2026-01-20 21:00:00,89605.88,89718.86,89312.45,89365.79,89280275.32
2026-01-20 22:00:00,89365.79,89530.6,87829.44,88392.99,215349610.29
2026-01-20 23:00:00,88392.99,88425.81,87793.26,88329.83,178541582.95
2026-01-21 00:00:00,88329.83,88879,88154.77,88830.58,118483692.56
2026-01-21 01:00:00,88830.58,89062.58,88749.27,88921.82,94519283.34
2026-01-21 02:00:00,88921.82,89257.36,88891.8,88956.48,77552815.5
2026-01-21 03:00:00,88956.48,89500.21,88944.41,89338.11,77254041.72
2026-01-21 04:00:00,89338.11,89532.09,89252.15,89349.24,54272367.97
2026-01-21 05:00:00,89349.24,90028.48,89340.46,89866.56,94937560.59
2026-01-21 06:00:00,89866.56,89866.89,89408.7,89563.25,57691810.53
2026-01-21 07:00:00,89563.25,89673.05,88978.44,89123.99,158790514.1
2026-01-21 08:00:00,89123.99,89283.1,88892.95,89099.05,72489781.98
2026-01-21 09:00:00,89099.05,89399.1,88977.5,89016.37,58426541.04
2026-01-21 10:00:00,89016.37,89299.6,88978.01,89157.58,65716891.48
2026-01-21 11:00:00,89157.58,89293.09,88618.05,88707.16,62288290.25
2026-01-21 12:00:00,88707.16,88768.15,88126.77,88662.32,174984515.11
2026-01-21 13:00:00,88662.32,88958.51,88489.56,88600.19,134512586.62
2026-01-21 14:00:00,88600.19,89919.24,88537.75,89726.35,494047494.15
2026-01-21 15:00:00,89726.35,90502.34,89679.83,90220.38,279609219.01
2026-01-21 16:00:00,90220.38,90299.18,87519.28,87531.65,423367225.3
2026-01-21 17:00:00,87531.65,88077.6,87190.29,87856.41,464436599.42
2026-01-21 18:00:00,87856.41,88582.17,87508.29,88403.74,289120422.5
2026-01-21 19:00:00,88403.74,90380.45,88207.93,90287.78,353156048.75
2026-01-21 20:00:00,90287.78,90305.39,89385.86,90134.34,321744629.71
2026-01-21 21:00:00,90134.34,90278.53,89905,90187.1,132894081.25
2026-01-21 22:00:00,90187.1,90332.54,89699.15,89705.4,59088761.21
2026-01-21 23:00:00,89705.4,90148,89289.71,89380.69,94263652.33
2026-01-22 00:00:00,89380.69,89961.03,89380.69,89839.76,73587383.81
2026-01-22 01:00:00,89839.76,90123.58,89756.54,90033.01,76162346.25
2026-01-22 02:00:00,90033.01,90290.41,89769.72,89866.81,76018033.85
2026-01-22 03:00:00,89866.81,90085.32,89626.75,89818.23,49696118.31
2026-01-22 04:00:00,89818.23,90001.14,89750.42,89928.19,47600157.55
2026-01-22 05:00:00,89928.19,90005.29,89845.91,89941.62,35327879.69
2026-01-22 06:00:00,89941.62,90134.64,89822.69,90091.28,36803840.2
2026-01-22 07:00:00,90091.28,90122.89,89716.5,89742.32,36775744.09
2026-01-22 08:00:00,89742.32,89888.81,89685.15,89840.31,35456643.45
2026-01-22 09:00:00,89840.31,90054.74,89810.39,89963.73,43652825.39
2026-01-22 10:00:00,89963.73,90032.97,89880.06,90006.08,40682561.12
2026-01-22 11:00:00,90006.08,90074.91,89815.97,89861.59,41382471.21
2026-01-22 12:00:00,89861.59,90015.29,89793.13,89939.91,44651658.79
2026-01-22 13:00:00,89939.91,90260.39,89408.91,89533.2,105331875.32
2026-01-22 14:00:00,89533.2,89651.36,88974.94,89023.02,228370857.5
2026-01-22 15:00:00,89023.02,89369.22,88441.13,88925.41,282801398.98
2026-01-22 16:00:00,88925.41,89195.4,88598.63,88973.28,201812617.25
2026-01-22 17:00:00,88973.28,89539.6,88946.21,89479.49,157783133.22
2026-01-22 18:00:00,89479.49,89722.49,89226.4,89258.56,130279501.81
2026-01-22 19:00:00,89258.56,89853.67,89032.16,89699.57,131056109.78
2026-01-22 20:00:00,89699.57,89878.61,89312.1,89329.06,103909217.87
2026-01-22 21:00:00,89329.06,89588.09,89160.13,89188.09,76362688.96
2026-01-22 22:00:00,89188.09,89490.52,89079.75,89273.46,47642778.92
2026-01-22 23:00:00,89273.46,89512.96,89096.54,89484.18,40751895.89
2026-01-23 00:00:00,89484.18,89568.72,89374.12,89451.53,34679277.78
2026-01-23 01:00:00,89451.53,89866.52,89451.51,89859,42102007.35
2026-01-23 02:00:00,89859,89900.74,89565.21,89573.33,44392983.88
2026-01-23 03:00:00,89573.33,89851.95,89556.28,89847.51,32980017.79
2026-01-23 04:00:00,89847.51,89998.35,89796.73,89883.63,43934307.67
2026-01-23 05:00:00,89883.63,89885.8,89391.53,89519.36,62342495.48
2026-01-23 06:00:00,89519.36,89704.86,89309.77,89411.86,49361156.98
2026-01-23 07:00:00,89411.86,89585.22,89354.17,89446.74,35012449.17
2026-01-23 08:00:00,89446.74,89522.75,89035.61,89117.85,71724168.62
2026-01-23 09:00:00,89117.85,89284.61,88798.98,88875.25,75370502.54
2026-01-23 10:00:00,88875.25,89067.23,88766.15,88951.63,48987803.51
2026-01-23 11:00:00,88951.63,89251.54,88904.57,89110.55,28571696.82
2026-01-23 12:00:00,89110.55,89272.14,88997.27,89163.37,28969126.04
2026-01-23 13:00:00,89163.37,89348.44,89133.8,89254.33,53915063.96
2026-01-23 14:00:00,89254.33,89625.9,88557.09,88913.46,214141505.45
2026-01-23 15:00:00,88913.46,89767.84,88466.06,89654.24,228801828.67
2026-01-23 16:00:00,89654.24,90401.85,89390.31,90036.26,234581706.11
2026-01-23 17:00:00,90036.26,91140.22,89883.92,90514.32,253390519.88
2026-01-23 18:00:00,90514.32,90950.1,90380.31,90436.97,171398863.75
2026-01-23 19:00:00,90436.97,90449.17,89521.7,89889.23,181274618.19
2026-01-23 20:00:00,89889.23,90068.23,89121.05,89418.56,185237609.79
2026-01-23 21:00:00,89418.56,89606.09,89230.7,89257.63,58260070.58
2026-01-23 22:00:00,89257.63,89661.87,89244.4,89537.11,47938304
2026-01-23 23:00:00,89537.11,89537.26,89379.79,89506.66,26712082.24
2026-01-24 00:00:00,89506.66,89534.47,89320.87,89354.49,26462368.18
2026-01-24 01:00:00,89354.49,89486.37,89350.27,89444.54,18549931.46
2026-01-24 02:00:00,89444.54,89599.99,89444.5,89588.05,18679086.41
2026-01-24 03:00:00,89588.05,89821.98,89563.72,89662.01,31988799.15
2026-01-24 04:00:00,89662.01,89741.11,89607.58,89734.89,17313355.44
2026-01-24 05:00:00,89734.89,89747.35,89649.38,89677.15,13907174.15
2026-01-24 06:00:00,89677.15,89681.66,89539.71,89542.15,18651566.5
2026-01-24 07:00:00,89542.15,89581.75,89458.37,89502.27,15056233.18
2026-01-24 08:00:00,89502.27,89570.89,89469.04,89548.12,18565343.46
2026-01-24 09:00:00,89548.12,89548.35,89470.72,89480.4,11553655.6
2026-01-24 10:00:00,89480.4,89534.58,89462.76,89505.87,11060150.66
2026-01-24 11:00:00,89505.87,89549.47,89473.66,89473.67,12233109.95
2026-01-24 12:00:00,89473.67,89476.87,89369.29,89410.67,15295909.59
2026-01-24 13:00:00,89410.67,89422.04,89254.7,89254.7,13602299.99
2026-01-24 14:00:00,89254.7,89394.18,89061.41,89337.42,41624028.56
2026-01-24 15:00:00,89337.42,89378.29,89140.62,89156.94,27257806.37
2026-01-24 16:00:00,89156.94,89239.51,89047.54,89164.25,34162104.72
2026-01-24 17:00:00,89164.25,89293.55,89133.55,89274.97,25068056.54
2026-01-24 18:00:00,89274.97,89341.1,89253.5,89269.87,21675333.07
2026-01-24 19:00:00,89269.87,89277.72,89153.49,89209.67,15808812.22
2026-01-24 20:00:00,89209.67,89288.62,89209.67,89267.19,10234370.29
2026-01-24 21:00:00,89267.19,89278.1,89156.96,89275.8,17066476.91
2026-01-24 22:00:00,89275.8,89378.27,89185.23,89317.67,14689596.21
2026-01-24 23:00:00,89317.67,89362.75,89099.3,89107.75,24153116.44
2026-01-25 00:00:00,89107.75,89196.3,89070.27,89195.81,17691958.72
2026-01-25 01:00:00,89195.81,89203.31,88978.74,89058.64,26807072.98
2026-01-25 02:00:00,89058.64,89143.54,89014.38,89022.38,15308302.89
2026-01-25 03:00:00,89022.38,89058.91,88729.48,88846.4,35301105.41
2026-01-25 04:00:00,88846.4,88977.39,88827.67,88903.58,18863894.02
2026-01-25 05:00:00,88903.58,88938.32,88761.96,88877.97,21900764.89
2026-01-25 06:00:00,88877.97,88878.42,88537.09,88730.93,41642847.33
2026-01-25 07:00:00,88730.93,88731.35,88529.41,88550.69,18285312.79
2026-01-25 08:00:00,88550.69,88650.75,87858.79,88187.71,102926103.7
2026-01-25 09:00:00,88187.71,88374.9,88128.42,88289.03,31713450.65
2026-01-25 10:00:00,88289.03,88557.5,88288.67,88541.67,27102146.13
2026-01-25 11:00:00,88541.67,88591.3,88425.07,88457.18,18519061
2026-01-25 12:00:00,88457.18,88684.45,88334.99,88684.44,39326904.45
2026-01-25 13:00:00,88684.44,88865.75,88547.47,88816.98,39110905.05
2026-01-25 14:00:00,88816.98,88835.06,88518.23,88606.29,43167920.17
2026-01-25 15:00:00,88606.29,88657.19,88281.47,88352.75,37646989.99
2026-01-25 16:00:00,88352.75,88354.54,87470.87,87984.23,199672880.22
2026-01-25 17:00:00,87984.23,88007.38,87661.98,87784.02,85956183.48
2026-01-25 18:00:00,87784.02,87880.48,86741.94,87318.47,191260270.5
2026-01-25 19:00:00,87318.47,87399.66,86125.21,86412.34,211437190.38
2026-01-25 20:00:00,86412.34,86634.95,86152.71,86578.57,131563961.75
2026-01-25 21:00:00,86578.57,86926.66,86328.33,86498.42,103081837.97
2026-01-25 22:00:00,86498.42,86601.1,86145.38,86442.88,104550387.71
2026-01-25 23:00:00,86442.88,86703.73,86008.64,86581.03,167441449.87
2026-01-26 00:00:00,86581.03,87083.46,86429.64,86762.27,123659121.69
2026-01-26 01:00:00,86762.27,87722.93,86725.81,87601,148944868.04
2026-01-26 02:00:00,87601,87865.1,87349.76,87450.74,86389924.23
2026-01-26 03:00:00,87450.74,87577.31,86978.48,87168.8,65555108.37
2026-01-26 04:00:00,87168.8,87842.19,87136.05,87641.72,112639001.39
2026-01-26 05:00:00,87641.72,87853.98,87574.11,87724.68,39248085.71
2026-01-26 06:00:00,87724.68,87930.94,87660.85,87854.03,54190918.09
2026-01-26 07:00:00,87854.03,87997.24,87622.04,87923.62,42669463.82
2026-01-26 08:00:00,87923.62,88295.44,87761.09,87901.02,66916412.12
2026-01-26 09:00:00,87901.02,87920.84,87516.82,87581.27,56841093.09
2026-01-26 10:00:00,87581.27,87873.62,87574.03,87819.16,31620222.24
2026-01-26 11:00:00,87819.16,87907.89,87690.23,87770.61,27867554.52
2026-01-26 12:00:00,87770.61,87890.78,87653.57,87712.28,46201384.27
2026-01-26 13:00:00,87712.28,87975.58,87615.87,87881.23,72812383.26
2026-01-26 14:00:00,87881.23,88433.77,87378.73,88114.36,261195347.82
2026-01-26 15:00:00,88114.36,88787.86,87257.71,87572.6,338581728.91
2026-01-26 16:00:00,87572.6,87884.93,87132.65,87543.38,191494416.17
2026-01-26 17:00:00,87543.38,87718.17,86965.9,87624.29,137412425.58
2026-01-26 18:00:00,87624.29,88345.28,87573.87,88338.59,142410860.84
2026-01-26 19:00:00,88338.59,88480.78,87873.7,87936.21,117741023.66
2026-01-26 20:00:00,87936.21,88048.88,87461.19,87545.49,101913737.49
2026-01-26 21:00:00,87545.49,88174.2,87500.57,87995.69,109218226.22
2026-01-26 22:00:00,87995.69,88208.47,87931.24,88072.77,49129020.54
2026-01-26 23:00:00,88072.77,88587.06,87953.78,88274.7,85193633.71
2026-01-27 00:00:00,88274.7,88386.74,88133.89,88286.31,56632931.15
2026-01-27 01:00:00,88286.31,88628.41,88130.55,88485.65,61035748.32
2026-01-27 02:00:00,88485.65,88777.84,88479.57,88736.39,53368487.49
2026-01-27 03:00:00,88736.39,88810.37,88495.75,88698.28,37322322.14
2026-01-27 04:00:00,88698.28,88915.09,88430.76,88493.29,64159755.66
2026-01-27 05:00:00,88493.29,88501.69,88310.01,88375.73,33909763.96
2026-01-27 06:00:00,88375.73,88438.15,88192.53,88241.34,29046894.05
2026-01-27 07:00:00,88241.34,88472.58,88228.41,88236.06,28241091.99
2026-01-27 08:00:00,88236.06,88307.39,88022.49,88068.54,38376122.97
2026-01-27 09:00:00,88068.54,88068.68,87761.41,87785.15,48344189.93
2026-01-27 10:00:00,87785.15,87947.86,87649.44,87682.38,37399344.02
2026-01-27 11:00:00,87682.38,87989.94,87641.38,87878.93,30807756.24
2026-01-27 12:00:00,87878.93,88053.34,87838.07,87876.22,42655662.05
2026-01-27 13:00:00,87876.22,87960.55,87687.74,87869.63,43359235.07
2026-01-27 14:00:00,87869.63,88351.76,87541.05,87619.84,181466105.69
2026-01-27 15:00:00,87619.84,88069.81,87450.73,87934.82,183633350.91
2026-01-27 16:00:00,87934.82,88732.8,87899.87,88547.95,206963998.02
2026-01-27 17:00:00,88547.95,88607.44,87212.27,87453.34,233861803.02
2026-01-27 18:00:00,87453.34,88406.06,87357.82,88184.14,167899457.23
2026-01-27 19:00:00,88184.14,88451.85,87954.44,88309.52,81014440.79
2026-01-27 20:00:00,88309.52,89396.13,88277.6,89311.37,236690687.19
2026-01-27 21:00:00,89311.37,89447.82,88908.23,88978.74,125829304.31
2026-01-27 22:00:00,88978.74,89330.69,88923.49,89146.84,63528312.34
2026-01-27 23:00:00,89146.84,89423.91,89043.64,89136.28,61641874.39
2026-01-28 00:00:00,89136.28,89362.92,89047.27,89360.08,46459535.76
2026-01-28 01:00:00,89360.08,89386.5,89086.38,89293.75,56494100.48
2026-01-28 02:00:00,89293.75,89340.03,88990.87,89169.39,46563063.93
2026-01-28 03:00:00,89169.39,89196.03,88877.94,89009.65,45170982.98
2026-01-28 04:00:00,89009.65,89052.38,88729.36,88875.37,43390558.02
2026-01-28 05:00:00,88875.37,88994.44,88741.34,88978.25,47233007.23
2026-01-28 06:00:00,88978.25,89291.2,88978.24,89216.42,49954220.62
2026-01-28 07:00:00,89216.42,89248.63,89006.54,89032.99,32194490.18
2026-01-28 08:00:00,89032.99,89150.97,88777.88,88819.83,56283150.59
2026-01-28 09:00:00,88819.83,89447.82,88754.45,89444.46,68129104.61
2026-01-28 10:00:00,89444.46,89595.03,89230.78,89306.43,79165306.92
2026-01-28 11:00:00,89306.43,90048.68,89215.25,89972.09,97373779.57
2026-01-28 12:00:00,89972.09,90069.34,89686.52,89900.37,108566062.64
2026-01-28 13:00:00,89900.37,90374.78,89868.07,90157.98,144579471.09
2026-01-28 14:00:00,90157.98,90158.58,89339,89506.88,184474489.1
2026-01-28 15:00:00,89506.88,89738.64,88784.2,89370.6,218187634.46
2026-01-28 16:00:00,89370.6,89724.2,89138.41,89523.7,140383211.47
2026-01-28 17:00:00,89523.7,90481.33,89172.81,90065.3,183513186.84
2026-01-28 18:00:00,90065.3,90067.42,89221.88,89433.76,174302944.99
2026-01-28 19:00:00,89433.76,89604.49,88905.19,89288.7,238177572.2
2026-01-28 20:00:00,89288.7,89779.79,88886.61,89015.05,196559616.11
2026-01-28 21:00:00,89015.05,89364.65,88748.89,89289.21,119326399.34
2026-01-28 22:00:00,89289.21,89361.17,89018.75,89262.65,37263336.74
2026-01-28 23:00:00,89262.65,89352.63,89085.18,89182.72,47608001.03
2026-01-29 00:00:00,89182.72,89229.19,88783.36,89027.78,76808519.61
2026-01-29 01:00:00,89027.78,89043.64,88422.21,88479.07,125128467.78
2026-01-29 02:00:00,88479.07,88630.97,87579.82,87776.13,173948789.06
2026-01-29 03:00:00,87776.13,88128.66,87653.67,87919.29,119316905.63
2026-01-29 04:00:00,87919.29,88223.07,87772.57,88188.43,57432857.6
2026-01-29 05:00:00,88188.43,88279.62,88022.01,88067.36,39114237.17
2026-01-29 06:00:00,88067.36,88218.89,88050.03,88199.91,31941366.03
2026-01-29 07:00:00,88199.91,88318.55,88125.93,88234.39,43621444.25
2026-01-29 08:00:00,88234.39,88368.07,87794.17,87937.93,110262480.78
2026-01-29 09:00:00,87937.93,88028.37,87758.95,87765.51,50938515.45
2026-01-29 10:00:00,87765.51,87869.68,87692.04,87821.91,56355803.93
2026-01-29 11:00:00,87821.91,87936.78,87619.83,87703.14,63473479.77
2026-01-29 12:00:00,87703.14,87988.88,87679.5,87982.45,61121812.19
2026-01-29 13:00:00,87982.45,88041.78,87819.28,87916.86,59861363.36
2026-01-29 14:00:00,87916.86,87945.68,86867.76,86877.09,225579377.83
2026-01-29 15:00:00,86877.09,86886.77,84242.69,84805.72,677214894.68
2026-01-29 16:00:00,84805.72,85275.45,84158.67,85153.98,385472106.02
2026-01-29 17:00:00,85153.98,85510.12,83902.82,84131.87,366881940.56
2026-01-29 18:00:00,84131.87,84504.7,83287.85,83343.6,382784191.9
2026-01-29 19:00:00,83343.6,84161.87,83243.73,83855.55,286660386.79
2026-01-29 20:00:00,83855.55,84239.62,83665.21,84068.37,233226960.95
2026-01-29 21:00:00,84068.37,84525.66,84053.18,84390.62,116136015.08
2026-01-29 22:00:00,84390.62,84487.76,84175.68,84438.22,50474165.78
2026-01-29 23:00:00,84438.22,84608.33,84309.9,84528.58,71593739.83
2026-01-30 00:00:00,84528.58,84612.31,84038.49,84064.79,86924712.64
2026-01-30 01:00:00,84064.79,84071.05,81201.42,82363.47,428876936.4
2026-01-30 02:00:00,82363.47,82431,81047.62,82044.06,322087248.86
2026-01-30 03:00:00,82044.06,82617.98,81930.9,82563.06,125576053.93
2026-01-30 04:00:00,82563.06,83215.24,82563.04,82817.57,111617674.77
2026-01-30 05:00:00,82817.57,83215.42,82784.87,82795.39,87677656.01
2026-01-30 06:00:00,82795.39,82812.78,81948.83,82490.41,179909174.38
2026-01-30 07:00:00,82490.41,82978.6,82348.68,82684.5,153029086.8
2026-01-30 08:00:00,82684.5,82840.87,82309.38,82542.74,105612057.76
2026-01-30 09:00:00,82542.74,82707.92,82039.65,82241.22,118654631.2
2026-01-30 10:00:00,82241.22,82769.68,82053.21,82709.8,88315411.87
2026-01-30 11:00:00,82709.8,83184.64,82564.53,83026.37,86922853.06
2026-01-30 12:00:00,83026.37,83191,82521.15,82664.84,101216521.05
2026-01-30 13:00:00,82664.84,82950.16,82307.29,82624.14,135788089.44
2026-01-30 14:00:00,82624.14,83682.62,82617.98,82982.35,237155227.91
2026-01-30 15:00:00,82982.35,83499.91,82275.65,82772.43,292003969.53
2026-01-30 16:00:00,82772.43,83387.31,82448.25,83033.51,255277735.01
2026-01-30 17:00:00,83033.51,83350.94,82519.65,82817.45,261987308.49
2026-01-30 18:00:00,82817.45,84046.07,81758.51,83814.54,397806777.6
2026-01-30 19:00:00,83814.54,84522.58,83800.62,84134.24,279354307.77
2026-01-30 20:00:00,84134.24,84162.93,83416.7,83773.83,350624318.4
2026-01-30 21:00:00,83773.83,84377.1,83656.47,84167.7,151373454.84
2026-01-30 22:00:00,84167.7,84191.85,83781.26,84089.02,59581067.86
2026-01-30 23:00:00,84089.02,84175.33,83812.27,84135.11,51389908.83
2026-01-31 00:00:00,84135.11,84152.35,83887.63,83944.46,64140979.88
2026-01-31 01:00:00,83944.46,84135.55,83778.67,83882.56,57466132.14
2026-01-31 02:00:00,83882.56,84058.51,83689.9,84002.85,60760919.98
2026-01-31 03:00:00,84002.85,84100.04,83899.15,83899.89,26057358.82
2026-01-31 04:00:00,83899.89,84020.17,83803.15,83865.02,35468419.95
2026-01-31 05:00:00,83865.02,83972.05,83770.15,83868.86,35688881.01
2026-01-31 06:00:00,83868.86,83912.8,83512.24,83650.68,40775525.53
2026-01-31 07:00:00,83650.68,83672.27,83270.18,83414.74,60652617.55
2026-01-31 08:00:00,83414.74,83496.04,82451.42,82940.5,165640708.61
2026-01-31 09:00:00,82940.5,83166.68,82763.25,82985.13,76827582.94
2026-01-31 10:00:00,82985.13,83070.02,82792.28,83035.68,60720371.42
2026-01-31 11:00:00,83035.68,83036.25,82727.63,82893.25,38366527.79
2026-01-31 12:00:00,82893.25,83020.7,82592.77,82642.15,73963886.97
2026-01-31 13:00:00,82642.15,82804.44,82362.86,82650.52,77988602.77
2026-01-31 14:00:00,82650.52,82809.58,80729.56,81382.19,372020064.42
2026-01-31 15:00:00,81382.19,81671.59,80984.03,81193.28,160936058.9
2026-01-31 16:00:00,81193.28,82068.93,79996.61,80253.37,478785453.59
2026-01-31 17:00:00,80253.37,80433.3,78270.4,78783.78,594245166.91
2026-01-31 18:00:00,78783.78,79031.39,76029.54,77948.49,543692541.17
2026-01-31 19:00:00,77948.49,78467.77,77109.37,77665.51,304590072.45
2026-01-31 20:00:00,77665.51,78031.89,76999.62,77913.13,266807823.65
2026-01-31 21:00:00,77913.13,78281.09,77290.28,78214,255401265.71
2026-01-31 22:00:00,78214,78406.85,77902.81,78083.66,128488512.91
2026-01-31 23:00:00,78083.66,79153.09,77993.42,78664.02,203071538.39
2026-02-01 00:00:00,78664.02,79363.96,78572.3,78834.54,184001965.9
2026-02-01 01:00:00,78834.54,78879.56,78231.43,78454.25,149448559.63
2026-02-01 02:00:00,78454.25,78990.35,78308.89,78831.64,117956847.11
2026-02-01 03:00:00,78831.64,78939.47,78610.62,78800.3,67816620.45
2026-02-01 04:00:00,78800.3,79051.35,78657.29,78903.59,70203885.94
2026-02-01 05:00:00,78903.59,78936.24,78459.23,78542.45,73634061.06
2026-02-01 06:00:00,78542.45,78751.84,78197.96,78228.36,99837007.5
2026-02-01 07:00:00,78228.36,78650.46,77897.26,78285.19,111962055.3
2026-02-01 08:00:00,78285.19,78799.27,78197,78537.16,85950790.2
2026-02-01 09:00:00,78537.16,79072.87,78486.37,78971.87,70088914.1
2026-02-01 10:00:00,78971.87,79162,78079.47,78217.37,124200985.59
2026-02-01 11:00:00,78217.37,78824.04,78217.35,78694.99,77765384.02
2026-02-01 12:00:00,78694.99,78707.03,78192.81,78407.55,85630043.35
2026-02-01 13:00:00,78407.55,78708.33,78148.99,78263.4,83242812.03
2026-02-01 14:00:00,78263.4,78453.38,77177.54,78153.22,249254292.27
2026-02-01 15:00:00,78153.22,78192.8,76732.3,77538.72,320720735.81
2026-02-01 16:00:00,77538.72,77774.57,77036.35,77436.65,230049238.07
2026-02-01 17:00:00,77436.65,77694.02,77246.4,77694.02,142098669.15
2026-02-01 18:00:00,77694.02,78392.62,77667.6,77974.49,174405791.94
2026-02-01 19:00:00,77974.49,78047.22,76937.52,77114.18,119892757.94
2026-02-01 20:00:00,77114.18,77676.82,76543.95,77045.34,199337354.23
2026-02-01 21:00:00,77045.34,77110.32,76304.8,76465.16,238639138.05
2026-02-01 22:00:00,76465.16,77721.28,76391,77191.25,207750945.57
2026-02-01 23:00:00,77191.25,77554.71,75653.86,76910.99,384504915.87
2026-02-02 00:00:00,76910.99,78095.46,76559.8,77614.27,280271460.01
2026-02-02 01:00:00,77614.27,77887.01,76573.65,77462.93,245629334.36
2026-02-02 02:00:00,77462.93,77495.93,76380.18,76428.33,210468096.78
2026-02-02 03:00:00,76428.33,76499.09,74579.63,76236.97,621613554.64
2026-02-02 04:00:00,76236.97,76550.35,75277.67,75829.11,174261775.9
2026-02-02 05:00:00,75829.11,75931.43,74851.34,75442.37,256157723.19
2026-02-02 06:00:00,75442.37,76744.48,74893.87,76478.04,200701896.43
2026-02-02 07:00:00,76478.04,76884.34,76265.2,76575.82,108841707.22
2026-02-02 08:00:00,76575.82,77109.74,76552.94,76815.03,84946283.37
2026-02-02 09:00:00,76815.03,77760.1,76594.44,77654.67,126674284.83
2026-02-02 10:00:00,77654.67,77809.08,77409.25,77441.37,84948985.2
2026-02-02 11:00:00,77441.37,77903,77388.38,77697.71,92757365.18
2026-02-02 12:00:00,77697.71,78350.55,77656.78,77946.48,117536468.91
2026-02-02 13:00:00,77946.48,78402.77,77754.14,78185.26,148275096.49
2026-02-02 14:00:00,78185.26,78836.94,77578.72,77800.43,350895519.51
2026-02-02 15:00:00,77800.43,79328.7,77534.68,78837.5,475701459.06
2026-02-02 16:00:00,78837.5,79273.26,78545.15,78594.77,339400675.7
2026-02-02 17:00:00,78594.77,79193.54,78560.69,78960.03,235205066.29
2026-02-02 18:00:00,78960.03,78960.18,78320.69,78532,214690413
2026-02-02 19:00:00,78532,78650.81,78235.85,78294.55,161883902.34
2026-02-02 20:00:00,78294.55,78620.75,77851.89,77954.4,177784908.28
2026-02-02 21:00:00,77954.4,78509.47,77861.09,78481.52,97777504.32
2026-02-02 22:00:00,78481.52,78808.19,78478.69,78754.73,55539781.42
2026-02-02 23:00:00,78754.73,78923.03,78520.28,78690.46,69902971.6
2026-02-03 00:00:00,78690.46,79053.68,78366.9,79024,89770153.68
2026-02-03 01:00:00,79024,79141.27,78666.22,78966.55,92589012.87
2026-02-03 02:00:00,78966.55,78966.85,77740.66,77751.66,151007033.15
2026-02-03 03:00:00,77751.66,78848.57,77598.22,78699.49,168179413.55
2026-02-03 04:00:00,78699.49,78937.62,78431.33,78747.56,69927967.45
2026-02-03 05:00:00,78747.56,78753.03,78165.98,78182.91,57013725.57
2026-02-03 06:00:00,78182.91,78608.71,77892.43,78540.08,86572829.17
2026-02-03 07:00:00,78540.08,78871.4,78433.59,78721.5,63242545.24
2026-02-03 08:00:00,78721.5,79021.44,78408.71,78686.98,78560840.96
2026-02-03 09:00:00,78686.98,78780.84,77878.92,78340.39,123726076.11
2026-02-03 10:00:00,78340.39,78496.67,78005.98,78064.85,68581763.28
2026-02-03 11:00:00,78064.85,78279.49,77939.71,78015.1,57888277.06
2026-02-03 12:00:00,78015.1,78345.49,77923.26,78258.47,75278000.6
2026-02-03 13:00:00,78258.47,78382.75,78118.97,78233.22,75698458.41
2026-02-03 14:00:00,78233.22,78368.53,77114.29,77142.59,256894884.35
2026-02-03 15:00:00,77142.59,78133.03,76991.91,78075.21,378294701.82
2026-02-03 16:00:00,78075.21,78080.21,76415.27,76423.78,355128052.7
2026-02-03 17:00:00,76423.78,76467.01,74794.34,74822.52,494695834.22
2026-02-03 18:00:00,74822.52,75216.5,73070.52,73075.33,639845412.3
2026-02-03 19:00:00,73075.33,75189.5,72882.55,74864.75,503611511.22
2026-02-03 20:00:00,74864.75,76649.51,74509.36,76399.88,456977314.81
2026-02-03 21:00:00,76399.88,76890.12,76058.51,76161.32,183524178.81
2026-02-03 22:00:00,76161.32,76218.87,75329.27,75629.54,135448108.6
2026-02-03 23:00:00,75629.54,75917.38,75346.92,75679.06,136275043.84
2026-02-04 00:00:00,75679.06,76174.98,75380.26,75823.87,121690422.05
2026-02-04 01:00:00,75823.87,76686.39,75823.87,76334.63,121955014.07
2026-02-04 02:00:00,76334.63,76516.4,75631.45,75877.74,138575975.57
2026-02-04 03:00:00,75877.74,76891.77,75824.54,76627.78,128725808.36
2026-02-04 04:00:00,76627.78,76745.04,76340.86,76403.63,50242562.6
2026-02-04 05:00:00,76403.63,76448.54,76033.57,76207.16,64154308.61
2026-02-04 06:00:00,76207.16,76703.2,76185.2,76569.3,61629300.34
2026-02-04 07:00:00,76569.3,76580.97,76254.15,76427.07,94096547.68
2026-02-04 08:00:00,76427.07,76510.12,75987.56,76495.28,108364366.77
2026-02-04 09:00:00,76495.28,76515.59,75871.31,76014.42,92137392
2026-02-04 10:00:00,76014.42,76236.72,75964.65,76202.08,50232523.33
2026-02-04 11:00:00,76202.08,76202.16,75573.86,75926.61,90479180.58
2026-02-04 12:00:00,75926.61,76173.75,75907.43,76079.68,95052959.02
2026-02-04 13:00:00,76079.68,76089.92,74752.82,74770.66,155428089.52
2026-02-04 14:00:00,74770.66,75648.59,74024.32,74251.94,362815060.67
2026-02-04 15:00:00,74251.94,75214.72,73692.63,74026.07,471398381.03
2026-02-04 16:00:00,74026.07,74133.79,72962.93,73514.08,437572452.86
2026-02-04 17:00:00,73514.08,73733.98,72055.73,72430.42,584732629.14
2026-02-04 18:00:00,72430.42,73971.64,72127.06,73271.64,443791801.51
2026-02-04 19:00:00,73271.64,73874.21,72904.59,73780.98,284256440.5
2026-02-04 20:00:00,73780.98,73994.96,73260.6,73348.91,234509188.69
2026-02-04 21:00:00,73348.91,73488.29,72052.66,72640.17,204313241.3
2026-02-04 22:00:00,72640.17,73535.95,71724.93,72384.79,279580852.49
2026-02-04 23:00:00,72384.79,73371.66,72313.64,73021.96,177081268.33
2026-02-05 00:00:00,73021.96,73157.67,72610.54,72726.25,136703279.88
2026-02-05 01:00:00,72726.25,73193.96,71847.28,72258.43,227304486.24
2026-02-05 02:00:00,72258.43,72695.98,71165.69,71328.08,316056925.47
2026-02-05 03:00:00,71328.08,71745.97,71038,71114.1,281123837.6
2026-02-05 04:00:00,71114.1,71309.57,70602.99,70753.46,246010516.91
2026-02-05 05:00:00,70753.46,71014.33,70015.92,70599.56,320323661.9
2026-02-05 06:00:00,70599.56,70859.85,70311.37,70822.74,186700001.14
2026-02-05 07:00:00,70822.74,71492.94,70501.16,70602.18,176569423.86
2026-02-05 08:00:00,70602.18,71404.55,70550.26,70925.51,137965216.06
2026-02-05 09:00:00,70925.51,71852.76,70919.36,71444.24,159529924.84
2026-02-05 10:00:00,71444.24,71618.45,70540.05,70742.39,120480157.86
2026-02-05 11:00:00,70742.39,70935.19,69832.94,70216.11,275153261.77
2026-02-05 12:00:00,70216.11,70489.61,69063.96,69454.92,433810642.23
2026-02-05 13:00:00,69454.92,69714.7,69141.63,69573.32,318811570.61
2026-02-05 14:00:00,69573.32,70761.4,69181.69,69287.51,471276175.12
2026-02-05 15:00:00,69287.51,69457.69,66590.95,67383.27,877874687.68
2026-02-05 16:00:00,67383.27,68553.02,66836.31,68179.34,526870576.82
2026-02-05 17:00:00,68179.34,68246.66,66036.02,66056.08,517154008.69
2026-02-05 18:00:00,66056.08,66413.57,65261.5,66225.59,488428009.1
2026-02-05 19:00:00,66225.59,66496.84,65067.19,65129.34,392989857.79
2026-02-05 20:00:00,65129.34,65563.91,62227.01,63641.95,853670107.53
2026-02-05 21:00:00,63641.95,64627.8,62782.12,63090.24,492747837.5
2026-02-05 22:00:00,63090.24,64481.01,62584.67,63800.98,376147546.15
2026-02-05 23:00:00,63800.98,64784.97,62623.54,62811.67,338306469.44
2026-02-06 00:00:00,62811.67,63754.02,60069.72,63415.43,768544148.82
2026-02-06 01:00:00,63415.43,65674.41,63414.93,65634.42,391963626.04
2026-02-06 02:00:00,65634.42,65928.97,64166.78,64912.64,316978634.48
2026-02-06 03:00:00,64912.64,65093.81,63698,64097.49,251827823.11
2026-02-06 04:00:00,64097.49,64936.61,63889.47,64846.45,125511766.02
2026-02-06 05:00:00,64846.45,66731.23,64735.35,66324.85,229745925.05
2026-02-06 06:00:00,66324.85,66708.57,64823.4,64915.53,230750828.89
2026-02-06 07:00:00,64915.53,65461.99,64577.97,64766.79,155339375.24
2026-02-06 08:00:00,64766.79,65124.85,64425.76,64820.26,161298081.62
2026-02-06 09:00:00,64820.26,66081.42,64686.72,65727.09,169030083.57
2026-02-06 10:00:00,65727.09,66145.88,65478.07,65886.25,114884095.24
2026-02-06 11:00:00,65886.25,66672.08,65702.75,66556.68,161672140.13
2026-02-06 12:00:00,66556.68,66557.2,66038.43,66498.23,177977094.39
2026-02-06 13:00:00,66498.23,67622.88,66410.31,67263.81,312006168.83
2026-02-06 14:00:00,67263.81,68617.18,66598.5,68174.17,409001338.27
2026-02-06 15:00:00,68174.17,69160.85,67763.28,68620.64,522123503.42
2026-02-06 16:00:00,68620.64,70194.87,68428.97,69928.92,476756055.83
2026-02-06 17:00:00,69928.92,71475.4,69575.31,70731.17,509396023.95
2026-02-06 18:00:00,70731.17,70783.88,69305.44,69724.01,429814416.77
2026-02-06 19:00:00,69724.01,70892.48,69597.5,70679.9,329840231.02
2026-02-06 20:00:00,70679.9,70944.71,69971.54,69977.18,317006720.18
2026-02-06 21:00:00,69977.18,70467.32,69808.14,70315.31,211372298.52
2026-02-06 22:00:00,70315.31,71517.7,70238.39,71305.76,166743895.98
2026-02-06 23:00:00,71305.76,71703.46,70463.07,70535.76,141576846.41
2026-02-07 00:00:00,70535.76,70545.35,69689.14,69926.3,204864753.78
2026-02-07 01:00:00,69926.3,70648.01,69720.66,70449.96,128344373.07
2026-02-07 02:00:00,70449.96,70597.96,70123.66,70327.82,79791159.77
2026-02-07 03:00:00,70327.82,70894.88,70248,70889.64,66727972.29
2026-02-07 04:00:00,70889.64,71647.04,70577.68,70732.95,103492332.35
2026-02-07 05:00:00,70732.95,71149.58,69935.21,70131.69,103780291.74
2026-02-07 06:00:00,70131.69,70279.93,68742.14,68752.2,134422852.04
2026-02-07 07:00:00,68752.2,69057.71,67315.5,68074.54,238352518.98
2026-02-07 08:00:00,68074.54,68768.22,67742.09,68481.41,141993823.1
2026-02-07 09:00:00,68481.41,68742.12,67867.23,68105.09,81417916.01
2026-02-07 10:00:00,68105.09,68261.64,67576.55,67962.33,50005526.99
2026-02-07 11:00:00,67962.33,68122.06,67655.49,67932.4,46268626.16
2026-02-07 12:00:00,67932.4,69911.97,67869.82,68967.6,218481786.97
2026-02-07 13:00:00,68967.6,69304.8,68770.02,69029.76,97327338.12
2026-02-07 14:00:00,69029.76,69117.21,68312.67,68587.65,85084079.57
2026-02-07 15:00:00,68587.65,69690.2,68508.45,69093.78,133749564.93
2026-02-07 16:00:00,69093.78,69819.27,68804.91,68926.96,169202850.76
2026-02-07 17:00:00,68926.96,69368.83,68536.54,69143.85,76280958.34
2026-02-07 18:00:00,69143.85,69647.98,68973.29,69474.24,70613339.05
2026-02-07 19:00:00,69474.24,69533.05,69235.69,69332.68,46284859.49
2026-02-07 20:00:00,69332.68,69686.76,69216.93,69592.36,37328215.3
2026-02-07 21:00:00,69592.36,69659.96,69320.96,69463.38,50199421.41
2026-02-07 22:00:00,69463.38,69664.23,69294.66,69364.18,28868994.01
2026-02-07 23:00:00,69364.18,69417.48,68754.51,69259.24,78464445.83
2026-02-08 00:00:00,69259.24,69392.15,68857.91,69107.54,54343358.85
2026-02-08 01:00:00,69107.54,69464.89,69053.84,69346.03,47351126.69
2026-02-08 02:00:00,69346.03,69652.51,69140.04,69337.11,58546343.35
2026-02-08 03:00:00,69337.11,69397.1,69034.33,69068.42,35049383.73
2026-02-08 04:00:00,69068.42,69318.46,68933.86,69303.77,21473414.61
2026-02-08 05:00:00,69303.77,69377.07,69113.91,69186.92,27258483.43
2026-02-08 06:00:00,69186.92,69371.48,69054.74,69313.88,27562732.02
2026-02-08 07:00:00,69313.88,69663.97,69185.06,69659.94,41429588.41
2026-02-08 08:00:00,69659.94,70732.51,69487.2,70605.91,102760608.21
2026-02-08 09:00:00,70605.91,70651.86,70052.31,70068.59,52410933.9
2026-02-08 10:00:00,70068.59,70397.83,69846.77,70216.23,61819234.94
2026-02-08 11:00:00,70216.23,71162.61,70178.43,70946.1,78893779.81
2026-02-08 12:00:00,70946.1,71224.1,70662.27,71198.64,91462015.32
2026-02-08 13:00:00,71198.64,71473.6,70936.53,71473.6,98564122.57
2026-02-08 14:00:00,71473.6,71513.93,71066.11,71217.8,66357069
2026-02-08 15:00:00,71217.8,71415.93,70754.15,71143.15,91996441.56
2026-02-08 16:00:00,71143.15,71209.2,70216.89,70375.12,96180233.84
2026-02-08 17:00:00,70375.12,70823.25,70370.39,70740.93,72240942.45
2026-02-08 18:00:00,70740.93,71367.16,70710.88,71102.89,79758939.6
2026-02-08 19:00:00,71102.89,71486.19,71099.53,71384.73,52222972.79
2026-02-08 20:00:00,71384.73,71386.73,70671.53,70803.02,65776092.28
2026-02-08 21:00:00,70803.02,71093.25,70518.51,70672.59,65522003.83
2026-02-08 22:00:00,70672.59,71059.21,70628.53,71021.75,55114293.18
2026-02-08 23:00:00,71021.75,72226.42,69967.83,70297.07,275427274.4
2026-02-09 00:00:00,70297.07,70733.79,70092.29,70462.99,115514682.06
2026-02-09 01:00:00,70462.99,70879.25,70037.27,70332.66,132658876.44
2026-02-09 02:00:00,70332.66,70954.87,70184.68,70586.83,86049595.66
2026-02-09 03:00:00,70586.83,71391.44,70582.55,71268.38,89780200.58
2026-02-09 04:00:00,71268.38,71307.37,70880.76,70957.38,51598168.59
2026-02-09 05:00:00,70957.38,71066.52,70767.43,71000.74,41741147.62
2026-02-09 06:00:00,71000.74,71000.79,70276.06,70617.32,65144569.55
2026-02-09 07:00:00,70617.32,70843.68,70308.5,70374.37,63762112.47
2026-02-09 08:00:00,70374.37,70560.3,69361.63,69829.08,116112625.68
2026-02-09 09:00:00,69829.08,70074.96,69427.56,69574.16,109896335.73
2026-02-09 10:00:00,69574.16,69668.18,68371.4,68674.9,143885254.63
2026-02-09 11:00:00,68674.9,68959.68,68531.35,68873.68,74939605.14
2026-02-09 12:00:00,68873.68,69181.37,68811.14,69090.82,122182480.31
2026-02-09 13:00:00,69090.82,69236.48,68546.1,68547.39,130511617.98
2026-02-09 14:00:00,68547.39,69700.19,68260.19,69246.2,275141042.45
2026-02-09 15:00:00,69246.2,69835.52,68779.37,69543.78,232036674.31
2026-02-09 16:00:00,69543.78,70387.4,69065.67,70061.13,192379421.92
2026-02-09 17:00:00,70061.13,70942.21,69843.28,70582.21,228995823.72
2026-02-09 18:00:00,70582.21,70968.9,70055.77,70381.59,163841232.3
2026-02-09 19:00:00,70381.59,71043.45,70234.98,70930.21,168824399.73
2026-02-09 20:00:00,70930.21,71101.96,70477.28,70717.6,194267324.01
2026-02-09 21:00:00,70717.6,70784.36,69796.6,70377.23,129788835.65
2026-02-09 22:00:00,70377.23,70687.36,70255.75,70345.41,60658272.85
2026-02-09 23:00:00,70345.41,70545.29,70048.5,70108.93,60407147.79
2026-02-10 00:00:00,70108.93,70217.85,69712.12,69796.79,91645814.03
2026-02-10 01:00:00,69796.79,70486.44,69796.74,70445.43,73017583.66
2026-02-10 02:00:00,70445.43,70446.28,69964.28,70070.79,53546362.38
2026-02-10 03:00:00,70070.79,70128,69174.24,69468.07,103076122.65
2026-02-10 04:00:00,69468.07,69859.38,69430.8,69794.25,48485301.37
2026-02-10 05:00:00,69794.25,69806.44,69174.69,69408.77,54028024.04
2026-02-10 06:00:00,69408.77,69457.21,68652.57,68879.81,80011612.43
2026-02-10 07:00:00,68879.81,69157.04,68814.11,68867.44,51810849.4
2026-02-10 08:00:00,68867.44,69162.97,68677.19,69082.1,56886529.49
2026-02-10 09:00:00,69082.1,69353,68904.91,69089.22,58674127.63
2026-02-10 10:00:00,69089.22,69202.55,68869.16,68873.5,34398195.34
2026-02-10 11:00:00,68873.5,69024.13,68415.03,68478.06,81859015.09
2026-02-10 12:00:00,68478.06,68798.83,68391.11,68560.35,82247100.91
2026-02-10 13:00:00,68560.35,69086.1,68328.81,68983.63,108609198.03
2026-02-10 14:00:00,68983.63,69539.81,67878.02,68414.74,281644996.43
2026-02-10 15:00:00,68414.74,69485.7,68250.04,69258.73,259911971.65
2026-02-10 16:00:00,69258.73,69778.04,68907.14,69491.39,214165286.02
2026-02-10 17:00:00,69491.39,69974.03,69292.02,69902.97,152801017.55
2026-02-10 18:00:00,69902.97,69916.38,68590.21,68866.87,139382335.67
2026-02-10 19:00:00,68866.87,69275.58,68665.79,69037.1,107182120.25
2026-02-10 20:00:00,69037.1,69100.4,68600.89,68719.56,131529970.33
2026-02-10 21:00:00,68719.56,68971.71,68320.37,68620.77,97796717.98
2026-02-10 22:00:00,68620.77,68822.85,68536.74,68667.12,43454900.03
2026-02-10 23:00:00,68667.12,68826.01,68480.97,68807.07,50908665.34
2026-02-11 00:00:00,68807.07,69202.22,68751.52,69157.17,66006891.4
2026-02-11 01:00:00,69157.17,69253.29,68877.19,68942.72,47756752.46
2026-02-11 02:00:00,68942.72,69127.9,68579.48,68643.99,68816775.65
2026-02-11 03:00:00,68643.99,68717.08,67976.68,68147.36,102651678.77
2026-02-11 04:00:00,68147.36,68285.26,67339,67548.12,122220312.88
2026-02-11 05:00:00,67548.12,67766.87,67364.82,67376.34,49011016.72
2026-02-11 06:00:00,67376.34,67452.58,66524.48,66756.59,123648122.05
2026-02-11 07:00:00,66756.59,67217.22,66620.3,66999.76,72565691.11
2026-02-11 08:00:00,66999.76,67087.53,66766.76,66958.41,61106407.86
2026-02-11 09:00:00,66958.41,67072.27,66696.96,66847.02,47842358.82
2026-02-11 10:00:00,66847.02,66859.61,66354.66,66503.46,83613106.1
2026-02-11 11:00:00,66503.46,67079.37,66484.91,67036.69,60023910.97
2026-02-11 12:00:00,67036.69,67404.97,66951.81,67108.64,105515662.94
2026-02-11 13:00:00,67108.64,67641.73,66787.65,67430.61,210382123.59
2026-02-11 14:00:00,67430.61,68732.39,66411.63,66555.24,393187583.26
2026-02-11 15:00:00,66555.24,66784.67,65725.74,66493.46,351776353.32
2026-02-11 16:00:00,66493.46,67220.76,65925.21,66002.65,246301271.63
2026-02-11 17:00:00,66002.65,66880.15,65840.53,66482.49,180941868.3
2026-02-11 18:00:00,66482.49,67273,66110.04,67241.95,169089461.23
2026-02-11 19:00:00,67241.95,67823.65,67086.87,67550.36,149510215.37
2026-02-11 20:00:00,67550.36,67715.76,67140.97,67514.94,147880263.66
2026-02-11 21:00:00,67514.94,68302.67,67377.26,67765.6,140115138.89
2026-02-11 22:00:00,67765.6,67825.21,67328.95,67379.84,75500818.49
2026-02-11 23:00:00,67379.84,67509.1,66752.32,67039.77,109950219.67
2026-02-12 00:00:00,67039.77,67654.83,67009.67,67422.39,79818789.11
2026-02-12 01:00:00,67422.39,68000.2,67422.38,67654.78,86631039.78
2026-02-12 02:00:00,67654.78,67753.72,67373.97,67393.26,70342511.06
2026-02-12 03:00:00,67393.26,67551.86,67271.73,67541.78,45218383.87
2026-02-12 04:00:00,67541.78,67637.92,66959.62,66975.66,88773290.44
2026-02-12 05:00:00,66975.66,67156.06,66624.61,67097.51,69643648.34
2026-02-12 06:00:00,67097.51,67310.48,66971.52,67073.1,49871240.99
2026-02-12 07:00:00,67073.1,67284.62,66894.65,67173.02,32430628.23
2026-02-12 08:00:00,67173.02,67292.92,66850.4,67092.65,40035354.45
2026-02-12 09:00:00,67092.65,67659.14,67009.01,67515.93,52533826.1
2026-02-12 10:00:00,67515.93,67994.39,67378.69,67979.56,50095721.76
2026-02-12 11:00:00,67979.56,68256.07,67711.52,68057.36,83714155.8
2026-02-12 12:00:00,68057.36,68128.22,67691.06,67829.72,68396474.95
2026-02-12 13:00:00,67829.72,68361.79,67652.7,68343.54,103418407.91
2026-02-12 14:00:00,68343.54,68380.57,67468.79,67572.12,183071757.77
2026-02-12 15:00:00,67572.12,67974.09,66987.77,67100.97,232923293.4
2026-02-12 16:00:00,67100.97,67203.57,65533.99,65829.27,395758570.64
2026-02-12 17:00:00,65829.27,66226.22,65323.74,65370.9,294020567.44
2026-02-12 18:00:00,65370.9,65747.5,65084.07,65550.07,222230581.21
2026-02-12 19:00:00,65550.07,66074.64,65234.38,65747.2,174734359.73
2026-02-12 20:00:00,65747.2,65992.24,65171.78,65379.16,195889753.22
2026-02-12 21:00:00,65379.16,65849.55,65379.09,65789.85,93145486.72
2026-02-12 22:00:00,65789.85,66338.95,65595.84,66236.92,66885257.97
2026-02-12 23:00:00,66236.92,66433.04,66112.06,66220.82,80501473.11
2026-02-13 00:00:00,66220.82,66472.13,65825.83,65861.32,81485310.19
2026-02-13 01:00:00,65861.32,66565.61,65861.28,66399.79,75994100.69
2026-02-13 02:00:00,66399.79,66711.92,66340.47,66622.1,63795928.61
2026-02-13 03:00:00,66622.1,66759.24,66423.18,66510.35,64907069.42
2026-02-13 04:00:00,66510.35,66627.29,66266.74,66285.37,40863226.02
2026-02-13 05:00:00,66285.37,66459.06,66142.47,66143.65,50108956.22
2026-02-13 06:00:00,66143.65,66355.08,65967.23,66325.36,35724768.34
2026-02-13 07:00:00,66325.36,66525.27,65996.85,66159.3,80718730.26
2026-02-13 08:00:00,66159.3,66696.46,66143.02,66651.71,54957490.24
2026-02-13 09:00:00,66651.71,67017.1,66569.66,66920.45,70303086.01
2026-02-13 10:00:00,66920.45,67068.26,66759.27,66938.49,56933493.92
2026-02-13 11:00:00,66938.49,67176.45,66745.45,67126.62,55581825.04
2026-02-13 12:00:00,67126.62,67162.98,66883.82,67042.01,52332480.57
2026-02-13 13:00:00,67042.01,67575.1,66901.16,67226.39,153900172.06
2026-02-13 14:00:00,67226.39,67987.75,66829.34,67696.96,277057042.31
2026-02-13 15:00:00,67696.96,69277.28,67663.39,68660.31,405203270.96
2026-02-13 16:00:00,68660.31,69434.68,68510.5,68923.7,261288764.35
2026-02-13 17:00:00,68923.7,69206.31,68602.19,69005.89,150865231.67
2026-02-13 18:00:00,69005.89,69373.97,68870.06,69103.33,133734902.07
2026-02-13 19:00:00,69103.33,69204.91,68894.12,68907.47,96479841.43
2026-02-13 20:00:00,68907.47,68939.38,68651.81,68742.47,109481429.3
2026-02-13 21:00:00,68742.47,69043.75,68700.1,68868.84,85881004.2
2026-02-13 22:00:00,68868.84,68968.93,68697.52,68960.72,45339732.42
2026-02-13 23:00:00,68960.72,68967.28,68798.93,68816.44,48891518.91
2026-02-14 00:00:00,68816.44,69105.49,68739.75,69011.5,45443433.3
2026-02-14 01:00:00,69011.5,69082.05,68896.87,68932.09,37480294.25
2026-02-14 02:00:00,68932.09,68979.89,68819.83,68847.67,25622962.61
2026-02-14 03:00:00,68847.67,68986.38,68822.08,68945.77,17585712.89
2026-02-14 04:00:00,68945.77,68964.56,68763.92,68767.06,15940957.08
2026-02-14 05:00:00,68767.06,68878.74,68728.15,68743.71,20068873.44
2026-02-14 06:00:00,68743.71,68900.66,68706.51,68900.03,18653457.33
2026-02-14 07:00:00,68900.03,69309.47,68858.85,69188.32,29683274.07
2026-02-14 08:00:00,69188.32,69837.67,69184.34,69714.99,68604900.81
2026-02-14 09:00:00,69714.99,69870.2,69547.43,69689.1,39743758.52
2026-02-14 10:00:00,69689.1,69689.18,69556.15,69639.72,19086389.61
2026-02-14 11:00:00,69639.72,70524.71,69639.47,70477.48,92187363.8
2026-02-14 12:00:00,70477.48,70501.22,69586.59,69616.77,133736764.6
2026-02-14 13:00:00,69616.77,69744.9,69202.64,69444.62,177433227.47
2026-02-14 14:00:00,69444.62,69839.67,69319.22,69690.69,77681573.56
2026-02-14 15:00:00,69690.69,70025.17,69552.81,69770.85,78467592.62
2026-02-14 16:00:00,69770.85,69799.03,69274.48,69729.06,78903147.43
2026-02-14 17:00:00,69729.06,69899.45,69592.98,69712.81,49726894.12
2026-02-14 18:00:00,69712.81,69831.64,69651.25,69745.52,40617696.61
2026-02-14 19:00:00,69745.52,69887.1,69592.99,69843.83,35631166.14
2026-02-14 20:00:00,69843.83,69995.95,69715.6,69988.32,45263352.19
2026-02-14 21:00:00,69988.32,70224.31,69648.49,69900.87,67725904.08
2026-02-14 22:00:00,69900.87,70060.67,69750.81,69934.21,41222996.4
2026-02-14 23:00:00,69934.21,69990.76,69697.74,69790.74,36679278.57
2026-02-15 00:00:00,69790.74,69832.35,69574.73,69743.61,42968794.2
2026-02-15 01:00:00,69743.61,69869.97,69328.78,69678.88,54354363.21
2026-02-15 02:00:00,69678.88,69720.48,69328.8,69460.59,40299714.55
2026-02-15 03:00:00,69460.59,69967.89,69232.34,69936.78,68621000.34
2026-02-15 04:00:00,69936.78,70494.47,69903.21,70164.53,86797382
2026-02-15 05:00:00,70164.53,70448.65,70115.81,70251.04,37907937.54
2026-02-15 06:00:00,70251.04,70511.66,70168.98,70383.29,39696012.85
2026-02-15 07:00:00,70383.29,70901.83,70289.66,70795.26,67474210.03
2026-02-15 08:00:00,70795.26,70948.5,70164.71,70417.87,63920468.82
2026-02-15 09:00:00,70417.87,70637.9,70349.88,70397.6,33790524.92
2026-02-15 10:00:00,70397.6,70495.17,70195.01,70403.46,32721614.36
2026-02-15 11:00:00,70403.46,70518.04,70245.94,70270.91,21208508.97
2026-02-15 12:00:00,70270.91,70383.64,69285.4,69288.17,94610162.48
2026-02-15 13:00:00,69288.17,69596.48,68756.69,68907.87,130378705.86
2026-02-15 14:00:00,68907.87,69191.53,68818.99,69142.96,87539322.56
2026-02-15 15:00:00,69142.96,69228.96,68860.51,69071.96,56185432.57
2026-02-15 16:00:00,69071.96,69074.7,68767.93,68998.83,55073964.25
2026-02-15 17:00:00,68998.83,69062.47,68176.73,68602.93,101847491.03
2026-02-15 18:00:00,68602.93,68754.56,68333.02,68422.73,100971494.9
2026-02-15 19:00:00,68422.73,68530.01,68048.86,68260.59,92024272.14
2026-02-15 20:00:00,68260.59,68524.6,68097.04,68416.19,51531532.7
2026-02-15 21:00:00,68416.19,68931.37,68416.18,68820.53,59683328.81
2026-02-15 22:00:00,68820.53,69050,68771.98,68956.23,33664134.19
2026-02-15 23:00:00,68956.23,68960.11,68298.47,68800.76,79777506.88
2026-02-16 00:00:00,68800.76,69028.69,68673.15,68819.37,53264968.5
2026-02-16 01:00:00,68819.37,69009.75,68428.84,68600.08,57036103.25
2026-02-16 02:00:00,68600.08,68707.07,68223.33,68297.17,49960159.89
2026-02-16 03:00:00,68297.17,68435.28,68127.05,68395.56,40820535.3
2026-02-16 04:00:00,68395.56,68858.95,68391.61,68841.65,34643286.49
2026-02-16 05:00:00,68841.65,68866.57,68272.95,68364.53,34616971.15
2026-02-16 06:00:00,68364.53,68496.04,68204.84,68424.72,21476410.68
2026-02-16 07:00:00,68424.72,68642.8,68345.34,68555.19,26387789.84
2026-02-16 08:00:00,68555.19,68774.99,68517.59,68739.35,34523606.49
2026-02-16 09:00:00,68739.35,69033.75,68725.85,68972.22,48697917.89
2026-02-16 10:00:00,68972.22,68972.27,68678.42,68774.87,30079495.12
2026-02-16 11:00:00,68774.87,68888.29,68316.52,68793.3,54136882.85
2026-02-16 12:00:00,68793.3,69805.05,68785.47,69733.07,110584863.34
2026-02-16 13:00:00,69733.07,70094.71,68201.57,68377.36,212391317.52
2026-02-16 14:00:00,68377.36,68694.86,68246.54,68396.02,147723998.77
2026-02-16 15:00:00,68396.02,68575.03,67269.9,67510.2,205954738.17
2026-02-16 16:00:00,67510.2,67944.57,67487.32,67856.31,111009410.09
2026-02-16 17:00:00,67856.31,68050.85,67579.41,67926.34,76469231.56
2026-02-16 18:00:00,67926.34,68220.25,67806.85,67833.87,66695547.05
2026-02-16 19:00:00,67833.87,68105.68,67802.19,67891.31,40044845.33
2026-02-16 20:00:00,67891.31,68534.33,67804.71,68507.13,63684762.66
2026-02-16 21:00:00,68507.13,68907.72,68401.2,68838.72,74402446.55
2026-02-16 22:00:00,68838.72,68870.28,68492.66,68572.52,52150177.98
2026-02-16 23:00:00,68572.52,68960.28,68513.8,68869.47,45638127.95
2026-02-17 00:00:00,68869.47,69018.94,68678.17,68860.9,73490471.77
2026-02-17 01:00:00,68860.9,68971.22,68545.08,68594.37,56509404.52
2026-02-17 02:00:00,68594.37,69214.45,68366.2,68819.63,90540798.15
2026-02-17 03:00:00,68819.63,68837.01,68447.39,68449.01,48230245.54
2026-02-17 04:00:00,68449.01,68673.69,68263.61,68452.81,30289357.48
2026-02-17 05:00:00,68452.81,68481.32,67872.91,68215.25,47303443.78
2026-02-17 06:00:00,68215.25,68493.04,68211.73,68386.31,23947878.79
2026-02-17 07:00:00,68386.31,68451.74,68140.62,68369.69,26799127.25
2026-02-17 08:00:00,68369.69,68452.91,68107.7,68148.44,22438318.13
2026-02-17 09:00:00,68148.44,68282.14,67967.9,68092.86,42606278.63
2026-02-17 10:00:00,68092.86,68161.97,67670.58,67810.96,49642618.85
2026-02-17 11:00:00,67810.96,67906.39,67656.19,67821.2,59886929.13
2026-02-17 12:00:00,67821.2,68272.29,67799.16,67892.33,69902441.58
2026-02-17 13:00:00,67892.33,68329.39,67714.4,68104.32,108118639.9
2026-02-17 14:00:00,68104.32,68306.95,66706.88,66843.35,261391974.86
2026-02-17 15:00:00,66843.35,67384.59,66592.03,67364.8,252747598.85
2026-02-17 16:00:00,67364.8,68121.3,67297.76,67498.26,203539457.78
2026-02-17 17:00:00,67498.26,67688.61,66857.76,67214.23,184713488.67
2026-02-17 18:00:00,67214.23,68189.86,67099.08,68068.18,158171081.79
2026-02-17 19:00:00,68068.18,68211.22,67712.59,67766.14,109105939.1
2026-02-17 20:00:00,67766.14,67889.01,67462.43,67738.71,105209042.62
2026-02-17 21:00:00,67738.71,67896.83,67503.28,67645.48,60758494.97
2026-02-17 22:00:00,67645.48,67754.02,67484.04,67502.34,29369741.28
2026-02-17 23:00:00,67502.34,67592.74,67361.19,67477.52,41373112.51
2026-02-18 00:00:00,67477.52,67596.55,67259.01,67276.49,43875179.51
2026-02-18 01:00:00,67276.49,67346.73,66862.03,67138.69,70260865.57
2026-02-18 02:00:00,67138.69,67389.92,67122.45,67304.47,42755193.74
2026-02-18 03:00:00,67304.47,67682.7,67301.27,67600.52,40452899.98
2026-02-18 04:00:00,67600.52,67871.25,67473.22,67794.44,31163409.7
2026-02-18 05:00:00,67794.44,67908.69,67577.94,67618.91,46310351.69
2026-02-18 06:00:00,67618.91,67946.91,67588.61,67820.05,22378804.31
2026-02-18 07:00:00,67820.05,68191.15,67672.47,68091.4,35263216.38
2026-02-18 08:00:00,68091.4,68444.93,68046.32,68103.15,52324462.81
2026-02-18 09:00:00,68103.15,68250.33,67987.88,68135.02,31616127.03
2026-02-18 10:00:00,68135.02,68155.51,67709.69,67769.24,49492790.19
2026-02-18 11:00:00,67769.24,67774.33,67058.12,67347.99,78525949.39
2026-02-18 12:00:00,67347.99,67661.22,67324.63,67436.52,70080451.5
2026-02-18 13:00:00,67436.52,67574.77,67033.89,67220.76,99647331.23
2026-02-18 14:00:00,67220.76,67348.1,66689.02,67191.41,180001587.53
2026-02-18 15:00:00,67191.41,68329.76,67165.57,67673.63,224816401.3
2026-02-18 16:00:00,67673.63,67686.84,66969.74,67114.32,178117976.65
2026-02-18 17:00:00,67114.32,67460.4,67029.95,67162.36,107138160.21
2026-02-18 18:00:00,67162.36,67205.17,66169.14,66331.08,190184925.8
2026-02-18 19:00:00,66331.08,66589.6,65838.1,66150.16,194561979.96
2026-02-18 20:00:00,66150.16,66518.06,66117.18,66233.12,173279986.33
2026-02-18 21:00:00,66233.12,66473.8,66065.6,66317.3,117736374.01
2026-02-18 22:00:00,66317.3,66452.02,66214.96,66379.56,43626237.81
2026-02-18 23:00:00,66379.56,66477.13,66252.81,66434.2,41236738.98
2026-02-19 00:00:00,66434.2,66571.39,66318.81,66420.89,41307263.02
2026-02-19 01:00:00,66420.89,66856.84,66419.2,66847.22,54215167.37
2026-02-19 02:00:00,66847.22,66937.56,66621.33,66815.08,53053719.37
2026-02-19 03:00:00,66815.08,66974.23,66705.97,66957.02,38413869.25
2026-02-19 04:00:00,66957.02,67044.68,66742.69,66781.16,38266915.32
2026-02-19 05:00:00,66781.16,66867.23,66668,66851.09,23967550.62
2026-02-19 06:00:00,66851.09,67273.27,66843.8,67130.41,54272137.58
2026-02-19 07:00:00,67130.41,67299.79,67016.57,67186.14,35489366.38
2026-02-19 08:00:00,67186.14,67186.25,66774.29,66940.36,46845877.33
2026-02-19 09:00:00,66940.36,67166.33,66736.71,66819.49,38147213.38
2026-02-19 10:00:00,66819.49,66935.9,66719.54,66816.43,26907714.38
2026-02-19 11:00:00,66816.43,66912.38,66455.29,66473.9,39237652.76
2026-02-19 12:00:00,66473.9,66657.06,66305.3,66496.95,69101573.34
2026-02-19 13:00:00,66496.95,66535.33,65751.33,65903.67,141429708.52
2026-02-19 14:00:00,65903.67,66649.79,65618.44,66403.13,213558122.44
2026-02-19 15:00:00,66403.13,66734.46,65957.33,66385.42,215037995.77
2026-02-19 16:00:00,66385.42,66502.17,65877.01,66280.25,144655923.11
2026-02-19 17:00:00,66280.25,67034.47,66157.48,66347.85,169078916.34
2026-02-19 18:00:00,66347.85,67052.98,66224.4,67014.65,161584215.09
2026-02-19 19:00:00,67014.65,67184.99,66686.57,67036.27,113770623.33
2026-02-19 20:00:00,67036.27,67162.49,66818.91,67130.34,99215830.94
2026-02-19 21:00:00,67130.34,67153.92,66890.74,66905.54,49016522.18
2026-02-19 22:00:00,66905.54,66977.82,66634.66,66897,50530377.92
2026-02-19 23:00:00,66897,67008.27,66798.8,66983.75,39376702.82
2026-02-20 00:00:00,66983.75,67456.66,66928.02,67210.07,85548220.14
2026-02-20 01:00:00,67210.07,67332.12,67131.49,67259.89,46512655.72
2026-02-20 02:00:00,67259.89,67324.18,67159.32,67223.78,32557654.53
2026-02-20 03:00:00,67223.78,67464.32,67223.01,67342.95,42213030.65
2026-02-20 04:00:00,67342.95,67368.54,67092.49,67245.3,43384390.09
2026-02-20 05:00:00,67245.3,68000.84,67186.98,67771.46,86668080.86
2026-02-20 06:00:00,67771.46,67879.54,67652.27,67829.84,40285339.99
2026-02-20 07:00:00,67829.84,67979.46,67757.05,67811.85,34353309.8
2026-02-20 08:00:00,67811.85,67931.98,67738.82,67860.83,29564001.85
2026-02-20 09:00:00,67860.83,68212.78,67860.82,68198.44,65172993.38
2026-02-20 10:00:00,68198.44,68297.95,67857.61,67929.56,67726978.29
2026-02-20 11:00:00,67929.56,67966.31,67270.31,67307.83,86553848.28
2026-02-20 12:00:00,67307.83,67582.95,67263.41,67523.94,78560640.52
2026-02-20 13:00:00,67523.94,67525.56,66442.67,66797.01,210516045.58
2026-02-20 14:00:00,66797.01,67308.61,66650.4,67063.8,211177133.54
2026-02-20 15:00:00,67063.8,68040,66539.82,67578.45,364805966.35
2026-02-20 16:00:00,67578.45,67913.39,67261.2,67794.03,206910752.15
2026-02-20 17:00:00,67794.03,67794.11,66946.94,67601.01,290895057.64
2026-02-20 18:00:00,67601.01,67996.58,67450.98,67917.71,182237661.77
2026-02-20 19:00:00,67917.71,67996.41,67540.4,67632.97,102345197.97
2026-02-20 20:00:00,67632.97,67819.56,67517.08,67736.64,71542861.14
2026-02-20 21:00:00,67736.64,67819.13,67622.73,67801.64,50645162.97
2026-02-20 22:00:00,67801.64,68100.21,67625.58,68062.23,79525725.53
2026-02-20 23:00:00,68062.23,68218.16,67892.45,67997.02,56289978.28
2026-02-21 00:00:00,67997.02,68026.63,67775.37,67819.33,38118131.2
2026-02-21 01:00:00,67819.33,67989.53,67819.33,67937.32,21558710.87
2026-02-21 02:00:00,67937.32,68081.81,67898.54,67990.18,22809152.5
2026-02-21 03:00:00,67990.18,67990.36,67528.59,67654.67,51069649.16
2026-02-21 04:00:00,67654.67,67830.25,67582.05,67803.68,22103652.96
2026-02-21 05:00:00,67803.68,67874.17,67790.49,67843.75,13658378.23
2026-02-21 06:00:00,67843.75,67909.26,67747.44,67778.64,12505107.68
2026-02-21 07:00:00,67778.64,67871.56,67743.64,67845.02,8274260.64
2026-02-21 08:00:00,67845.02,68069.71,67805.16,68044.3,21935979.39
2026-02-21 09:00:00,68044.3,68286.12,67964.84,68135.29,37950153.66
2026-02-21 10:00:00,68135.29,68231.41,68131.84,68202.73,17619609.36
2026-02-21 11:00:00,68202.73,68273.95,68070.34,68081.91,21131942.56
2026-02-21 12:00:00,68081.91,68203.31,67911.68,68196.87,27506592.7
2026-02-21 13:00:00,68196.87,68249.97,68098.83,68242.97,18321339.39
2026-02-21 14:00:00,68242.97,68612.78,68171.09,68437.19,76842001.94
2026-02-21 15:00:00,68437.19,68686.92,68407.55,68605.02,42565751.44
2026-02-21 16:00:00,68605.02,68621.2,68091.36,68316.59,92415626.14
2026-02-21 17:00:00,68316.59,68459.92,68190.99,68428.87,36229933.23
2026-02-21 18:00:00,68428.87,68630.64,68377.87,68566.27,43073078.11
2026-02-21 19:00:00,68566.27,68649.19,68519.43,68537.96,34350756.08
2026-02-21 20:00:00,68537.96,68592.19,68203.45,68206.46,36701489.64
2026-02-21 21:00:00,68206.46,68383.28,68178.41,68372.85,30787734
2026-02-21 22:00:00,68372.85,68418.14,67890.91,67969.41,41839883.34
2026-02-21 23:00:00,67969.41,68108.32,67935.67,67965.05,27584309.28
2026-02-22 00:00:00,67965.05,68049.39,67794.38,67926.28,40561412.42
2026-02-22 01:00:00,67926.28,68154.22,67921.47,68140.63,27319934.2
2026-02-22 02:00:00,68140.63,68205.45,67861.85,67894.16,37011144.3
2026-02-22 03:00:00,67894.16,68046.73,67815.83,68025.56,29788209.39
2026-02-22 04:00:00,68025.56,68063.51,67954.42,67967.09,18116647.43
2026-02-22 05:00:00,67967.09,67997.86,67869.23,67959.18,14808905.94
2026-02-22 06:00:00,67959.18,68154.25,67952.62,68030.25,25031116.6
2026-02-22 07:00:00,68030.25,68087,67979.22,67999.01,17278513.12
2026-02-22 08:00:00,67999.01,68010.15,67908,67946.48,15940831.4
2026-02-22 09:00:00,67946.48,68085.9,67945.76,68048.2,14665149.8
2026-02-22 10:00:00,68048.2,68137.84,68004.72,68119.36,15596173.91
2026-02-22 11:00:00,68119.36,68233.91,68119.32,68204.1,13342483.59
2026-02-22 12:00:00,68204.1,68219.37,67869.82,67924.89,45723373.96
2026-02-22 13:00:00,67924.89,68024.17,67563.44,67640.55,70280981.71
2026-02-22 14:00:00,67640.55,67668.6,67344.12,67432.16,77876341.35
2026-02-22 15:00:00,67432.16,67797.94,67294.03,67674.93,64284122.12
2026-02-22 16:00:00,67674.93,67705.17,67501.13,67619.03,32791227.64
2026-02-22 17:00:00,67619.03,67621.57,67170.64,67367.57,52449425.58
2026-02-22 18:00:00,67367.57,67450.02,67305.3,67409.92,24102484.5
2026-02-22 19:00:00,67409.92,67472.09,67389.23,67404.31,21366552.12
2026-02-22 20:00:00,67404.31,67462.91,67331.88,67378.09,31611477.15
2026-02-22 21:00:00,67378.09,67611.97,67378.09,67591.81,24171354.09
2026-02-22 22:00:00,67591.81,67730.45,67463.66,67657.2,29394362.18
2026-02-22 23:00:00,67657.2,67706.03,67451.41,67626.88,43155712.31
2026-02-23 00:00:00,67626.88,67663.82,66713.14,66727.46,81219864.51
2026-02-23 01:00:00,66727.46,66727.57,64350.38,64425.35,458763344.43
2026-02-23 02:00:00,64425.35,64905.16,64330.48,64782.52,123823211.88
2026-02-23 03:00:00,64782.52,65055.75,64699.33,64937.11,75725067.39
2026-02-23 04:00:00,64937.11,65026.68,64680.01,64814.24,43463451.34
2026-02-23 05:00:00,64814.24,65223.87,64810.12,65061.49,63407992.26
2026-02-23 06:00:00,65061.49,65801.07,65025.42,65760.28,69341098.13
2026-02-23 07:00:00,65760.28,66005.74,65664.12,65956.23,73379581.68
2026-02-23 08:00:00,65956.23,65957,65576.5,65677.54,55166045.93
2026-02-23 09:00:00,65677.54,66458.17,65676.81,66411.71,61496138.89
2026-02-23 10:00:00,66411.71,66596.02,66232.55,66329.85,54124246.87
2026-02-23 11:00:00,66329.85,66493.2,66120.75,66213.23,42574289.61
2026-02-23 12:00:00,66213.23,66517.48,65906.13,66292.57,82729760.61
2026-02-23 13:00:00,66292.57,66442.1,66114.13,66142.37,87438153.32
2026-02-23 14:00:00,66142.37,66275.62,65525,65924.9,178799931.16
2026-02-23 15:00:00,65924.9,66240.96,65583.12,65654.45,172995145.96
2026-02-23 16:00:00,65654.45,65726.04,65178.58,65364.94,144149333.34
2026-02-23 17:00:00,65364.94,65452.35,64164.68,64813.95,226057677.79
2026-02-23 18:00:00,64813.95,65176.14,64588.06,64637.01,110374151.27
2026-02-23 19:00:00,64637.01,64848.63,64099.87,64289.59,174606156.74
2026-02-23 20:00:00,64289.59,64479.45,63879.72,64470.41,138099347.6
2026-02-23 21:00:00,64470.41,64783.03,64456.81,64580.16,88930340.99
2026-02-23 22:00:00,64580.16,65008.1,64551.46,64718.15,85859046.15
2026-02-23 23:00:00,64718.15,64891.5,64522.62,64642.48,73485491.3
2026-02-24 00:00:00,64642.48,64996.35,64642.35,64922.82,53354867.9
2026-02-24 01:00:00,64922.82,64924.13,63440.89,64148.04,181002714.29
2026-02-24 02:00:00,64148.04,64491.75,63997.41,64102.13,87349635.48
2026-02-24 03:00:00,64102.13,64102.41,63334.28,63577.97,149379908.79
2026-02-24 04:00:00,63577.97,63613.07,62863.23,63362.47,146087136.43
2026-02-24 05:00:00,63362.47,63540.03,62706.4,63096.92,111043625.32
2026-02-24 06:00:00,63096.92,63312.97,62894.58,63077.68,52688004.67
2026-02-24 07:00:00,63077.68,63356.32,62917.24,63182.25,60620086.62
2026-02-24 08:00:00,63182.25,63429.8,63006.41,63389.53,49213250.8
2026-02-24 09:00:00,63389.53,63410.84,62934.77,63247.41,69918182.34
2026-02-24 10:00:00,63247.41,63363.28,63115.9,63285.76,54988366.77
2026-02-24 11:00:00,63285.76,63322.17,63064.64,63223.84,67652631.45
2026-02-24 12:00:00,63223.84,63348.6,62961.12,62966.36,100173367.25
2026-02-24 13:00:00,62966.36,63104.13,62551.85,62901.41,176900615.61
2026-02-24 14:00:00,62901.41,63849.59,62765.54,63467.94,267920295.9
2026-02-24 15:00:00,63467.94,64039.57,63320.1,63987.96,258660027.15
2026-02-24 16:00:00,63987.96,64440.2,63709.28,64275.73,241866381.07
2026-02-24 17:00:00,64275.73,64520.11,64059.33,64239.12,177268404.83
2026-02-24 18:00:00,64239.12,64515.36,63946.31,64437.86,143760609.11
2026-02-24 19:00:00,64437.86,64756.08,64255.94,64448.74,112938454.11
2026-02-24 20:00:00,64448.74,64601.5,64326.33,64481.42,107449151.9
2026-02-24 21:00:00,64481.42,64481.52,63853.36,64047.68,108062135.42
2026-02-24 22:00:00,64047.68,64235.37,63981.41,64123.91,59328567.35
2026-02-24 23:00:00,64123.91,64257.88,63862.04,64069.84,68586282.42
2026-02-25 00:00:00,64069.84,64331.18,63922.45,64229.85,70080376.31
2026-02-25 01:00:00,64229.85,66306.44,64160.56,65906.94,292097600.88
2026-02-25 02:00:00,65906.94,66315.2,65869.77,65890.66,141110694.69
2026-02-25 03:00:00,65890.66,65956.74,65357.27,65399.11,107451298.42
2026-02-25 04:00:00,65399.11,65657.37,65128.64,65459.3,77126599.26
2026-02-25 05:00:00,65459.3,65517.04,64762.49,64881.18,81781255.94
2026-02-25 06:00:00,64881.18,65125.56,64870.08,64899.02,38409796.34
2026-02-25 07:00:00,64899.02,65195.58,64782.91,65034.99,46227689.34
2026-02-25 08:00:00,65034.99,65585.86,64964.45,65525.43,65169953.7
2026-02-25 09:00:00,65525.43,65696.34,65432.76,65560.64,56035202.32
2026-02-25 10:00:00,65560.64,65654.77,65353.81,65405.61,53888125.97
2026-02-25 11:00:00,65405.61,65484.34,65195.67,65427.85,57173187.27
2026-02-25 12:00:00,65427.85,66245.46,65327.88,66078.19,135599340.62
2026-02-25 13:00:00,66078.19,66685.62,66023.83,66252.95,156524025.08
2026-02-25 14:00:00,66252.95,67027.79,66214.44,66981.41,249917700.53
2026-02-25 15:00:00,66981.41,67591.61,66730.45,67423.48,301990986.97
2026-02-25 16:00:00,67423.48,68355.92,67422.94,68327.55,319488008.17
2026-02-25 17:00:00,68327.55,68907.88,68053.19,68701.59,352110370.98
2026-02-25 18:00:00,68701.59,69574.99,68405.58,69360.81,304861204.75
2026-02-25 19:00:00,69360.81,69437.9,68815.68,69062,205273189.56
2026-02-25 20:00:00,69062,69405.45,68648.89,69175.64,168614127.1
2026-02-25 21:00:00,69175.64,70005.48,68799.81,68951.03,217400839.38
2026-02-25 22:00:00,68951.03,69208.29,68081.21,68468.92,121321669.34
2026-02-25 23:00:00,68468.92,68709.7,67619.39,67998.99,133391287.6
2026-02-26 00:00:00,67998.99,68551.59,67748.32,68355.92,130374641.7
2026-02-26 01:00:00,68355.92,68718.13,68232.74,68267.57,91215621.93
2026-02-26 02:00:00,68267.57,68361.23,67821.88,68272.61,103715070.13
2026-02-26 03:00:00,68272.61,68395.36,68065.25,68225.74,79415620.97
2026-02-26 04:00:00,68225.74,68867.59,68194.54,68585.93,83087093.19
2026-02-26 05:00:00,68585.93,68586.44,68141.33,68461.67,74701922.2
2026-02-26 06:00:00,68461.67,68534.01,68079.55,68192.22,59888999.05
2026-02-26 07:00:00,68192.22,68303.99,67844.4,67849.58,62075621.82
2026-02-26 08:00:00,67849.58,68256.32,67808.77,67967.32,78792592.54
2026-02-26 09:00:00,67967.32,68657.37,67948.6,68593.71,96304317.27
2026-02-26 10:00:00,68593.71,68728.46,68268.93,68313.68,78136214.61
2026-02-26 11:00:00,68313.68,68404.47,67989.37,68053.67,68283940.95
2026-02-26 12:00:00,68053.67,68307.88,68021.26,68182.46,80969652.66
2026-02-26 13:00:00,68182.46,68220.64,67853.66,67912.77,119461374.38
2026-02-26 14:00:00,67912.77,68278.27,67283.92,67706.85,284819123.67
2026-02-26 15:00:00,67706.85,67752.7,66772.8,67394.36,294253791.63
2026-02-26 16:00:00,67394.36,67571.25,66508.93,66647.56,310402696.14
2026-02-26 17:00:00,66647.56,67049.58,66609.97,66832.66,177714270.67
2026-02-26 18:00:00,66832.66,67374.87,66583.88,67311.88,206399362.39
2026-02-26 19:00:00,67311.88,67845.33,67289.12,67597.32,206191911.92
2026-02-26 20:00:00,67597.32,67837.58,67304.6,67436.1,147023700.61
2026-02-26 21:00:00,67436.1,67594.16,67148.49,67478.85,99551768.17
2026-02-26 22:00:00,67478.85,67641.21,67330.34,67586.77,42578849.72
2026-02-26 23:00:00,67586.77,67671.27,67411.21,67498.16,62916613.93
2026-02-27 00:00:00,67498.16,67553.2,67013.22,67238.73,85831410.13
2026-02-27 01:00:00,67238.73,67394.41,66895.15,67361.71,109653751.56
2026-02-27 02:00:00,67361.71,67553.16,67273.56,67278.01,74665572.43
2026-02-27 03:00:00,67278.01,67724.37,67102.97,67611.03,68428808.33
2026-02-27 04:00:00,67611.03,68227.68,67585.41,67757.24,112926779.17
2026-02-27 05:00:00,67757.24,67926.93,67678.08,67726.76,55418526.87
2026-02-27 06:00:00,67726.76,67837.31,67534.96,67667.54,53877883.71
2026-02-27 07:00:00,67667.54,67773.92,67467.74,67691.93,65183879.37
2026-02-27 08:00:00,67691.93,68089.22,67664.74,67949.45,84771425.49
2026-02-27 09:00:00,67949.45,68159.31,67297.38,67366.9,101347868.57
2026-02-27 10:00:00,67366.9,67425.87,66587.85,66620.42,153571907.63
2026-02-27 11:00:00,66620.42,66789.06,65972.46,66131.48,152491683.38
2026-02-27 12:00:00,66131.48,66216.28,65750.66,65941.16,118967380.05
2026-02-27 13:00:00,65941.16,66359.44,65670.4,66287.7,182695685.18
2026-02-27 14:00:00,66287.7,66349.94,65705.45,65899.67,212726824.61
2026-02-27 15:00:00,65899.67,66321.09,65850.29,66108.72,217184019.92
2026-02-27 16:00:00,66108.72,66133.2,65465.66,65481.96,183739169.47
2026-02-27 17:00:00,65481.96,65750.9,65111.57,65707.71,191351327.61
2026-02-27 18:00:00,65707.71,65785.48,65219.55,65309.62,130092675.63
2026-02-27 19:00:00,65309.62,65457.61,65167.07,65391.94,73646309.96
2026-02-27 20:00:00,65391.94,65669.08,65386.17,65596.44,107098335.77
2026-02-27 21:00:00,65596.44,65749.15,65400.75,65536.23,77422482.08
2026-02-27 22:00:00,65536.23,65676.61,64948.18,65639.09,77958490.37
2026-02-27 23:00:00,65639.09,65956.21,65550.61,65870.53,52642319.68
2026-02-28 00:00:00,65870.53,66015.49,65728.58,65942.22,55795025.71
2026-02-28 01:00:00,65942.22,65972.02,65745.71,65779.73,40205131.94
2026-02-28 02:00:00,65779.73,66019.48,65762.4,65963.43,27848596.69
2026-02-28 03:00:00,65963.43,65978.58,65748.45,65797.14,22674332.67
2026-02-28 04:00:00,65797.14,65824.31,65488.3,65668.7,37933118.26
2026-02-28 05:00:00,65668.7,65729.48,65505.97,65593.24,28272121.12
2026-02-28 06:00:00,65593.24,65596.11,63030.34,63223.84,302712058.24
2026-02-28 07:00:00,63223.84,64325.65,63040.84,63829.19,149340961.01
2026-02-28 08:00:00,63829.19,63881.36,63415.97,63478.55,95966779.87
2026-02-28 09:00:00,63478.55,63944.68,63376.91,63664.08,99749046.67
2026-02-28 10:00:00,63664.08,64036.58,63477.88,64013.46,132942715.06
2026-02-28 11:00:00,64013.46,64308.55,63796.31,63849.14,66570850.18
2026-02-28 12:00:00,63849.14,64094.95,63843.16,64031.05,61422343.1
2026-02-28 13:00:00,64031.05,65222.43,63919.09,65124.15,159203348.28
2026-02-28 14:00:00,65124.15,65369.39,64288.52,64445.04,203154770.81
2026-02-28 15:00:00,64445.04,65031.09,64219.59,64853.85,107651065.39
2026-02-28 16:00:00,64853.85,65215.75,64689.49,65104.29,79986214.58
2026-02-28 17:00:00,65104.29,65570.62,64839.89,65451.39,85826749.81
2026-02-28 18:00:00,65451.39,66167.58,65200.32,65921.26,125538043.76
2026-02-28 19:00:00,65921.26,66657.04,65616.46,66371.41,185622075.18
2026-02-28 20:00:00,66371.41,67158.32,66212.31,66970.49,167359876.13
2026-02-28 21:00:00,66970.49,67038.46,66384.47,66731.96,127996607.95
2026-02-28 22:00:00,66731.96,67756.22,66630.33,67131.14,133403492.96
2026-02-28 23:00:00,67131.14,67223.45,66757.01,66985.3,69010875.7
2026-03-01 00:00:00,66985.3,67128.43,66641.39,66815.07,67821423.28
2026-03-01 01:00:00,66815.07,67711.62,66080.47,67363.22,160905081.54
2026-03-01 02:00:00,67363.22,68190.48,67355.98,67637.7,199339948.65
2026-03-01 03:00:00,67637.7,67822.32,67405.68,67518.39,83917387.5
2026-03-01 04:00:00,67518.39,67616.65,67097.48,67352.69,58683893.11
2026-03-01 05:00:00,67352.69,67577.82,67211.81,67306.73,40330966.06
2026-03-01 06:00:00,67306.73,67356.44,66807.54,66938.9,65841122.57
2026-03-01 07:00:00,66938.9,67242.26,66803.44,67150.14,40984855.49
2026-03-01 08:00:00,67150.14,67302.77,66483.75,66574.63,61929015.05
2026-03-01 09:00:00,66574.63,66782.76,66266.05,66419.13,55320390.15
2026-03-01 10:00:00,66419.13,66744.48,66236.06,66477.37,48194625.77
2026-03-01 11:00:00,66477.37,66669.03,66388.18,66476.85,21683677.09
2026-03-01 12:00:00,66476.85,66556.11,66259.19,66310.14,40702882.87
2026-03-01 13:00:00,66310.14,67329.33,66158.75,66954.47,96530003.33
2026-03-01 14:00:00,66954.47,67319.89,66772.09,66876.22,93299548.62
2026-03-01 15:00:00,66876.22,67254.31,66835.67,66854.88,89818661.67
2026-03-01 16:00:00,66854.88,67122.16,65845.78,66149.3,132574476.18
2026-03-01 17:00:00,66149.3,66228.44,65737.7,65991.09,106392175.24
2026-03-01 18:00:00,65991.09,66661.44,65991.04,66325.95,90561051.59
2026-03-01 19:00:00,66325.95,66356.83,65789.29,65969.7,77213768.3
2026-03-01 20:00:00,65969.7,65972.27,65096.24,65303.78,135545918.91
2026-03-01 21:00:00,65303.78,65764.45,65288.15,65676.59,69698137.58
2026-03-01 22:00:00,65676.59,66358.84,65043.22,65249.76,166349767.36
2026-03-01 23:00:00,65249.76,66083.91,65146.85,65774.35,122898532.78
2026-03-02 00:00:00,65774.35,66791.35,65761.66,66515.14,123210145.88
2026-03-02 01:00:00,66515.14,67064.95,66384.17,66541.68,110830048.38
2026-03-02 02:00:00,66541.68,66619.64,65901.63,66285.47,99582469.81
2026-03-02 03:00:00,66285.47,67035.65,66119.49,66825.34,98989690.75
2026-03-02 04:00:00,66825.34,66977.74,66641.26,66870.05,61351879.61
2026-03-02 05:00:00,66870.05,67000.93,66575.17,66735.03,58173097.65
2026-03-02 06:00:00,66735.03,66739.19,66072.62,66218.7,71192930.07
2026-03-02 07:00:00,66218.7,66220.15,65558.93,66013.2,78221706.18
2026-03-02 08:00:00,66013.2,66306.06,65673.65,66290.53,88532057.83
2026-03-02 09:00:00,66290.53,66729.15,66175.16,66175.16,85001175.38
2026-03-02 10:00:00,66175.16,66392.87,66094.4,66317.39,52018446.08
2026-03-02 11:00:00,66317.39,66464.08,66016.36,66363.82,63875395.55
2026-03-02 12:00:00,66363.82,66395.46,65918.6,65964.56,82994315.37
2026-03-02 13:00:00,65964.56,66146.19,65346.58,65436.74,123596738.79
2026-03-02 14:00:00,65436.74,67220.05,65261.45,67178.89,305859170.54
2026-03-02 15:00:00,67178.89,69629.99,66992.36,69142.11,526604091.02
2026-03-02 16:00:00,69142.11,70116.05,68939.03,69456.67,429708787.94
2026-03-02 17:00:00,69456.67,69594.63,68807.74,69203.63,193429741.6
2026-03-02 18:00:00,69203.63,69287.74,68736.49,68896.77,178222417.14
2026-03-02 19:00:00,68896.77,69069.48,68588.31,68976.54,192457105.49
2026-03-02 20:00:00,68976.54,69528.35,68602.43,69134.01,241542150.34
2026-03-02 21:00:00,69134.01,69551.21,69010.75,69428.76,129896707.63
2026-03-02 22:00:00,69428.76,69517.13,69161.67,69452.2,77600722.59
2026-03-02 23:00:00,69452.2,69494.73,68751,68831.94,104738877.73
2026-03-03 00:00:00,68831.94,69163.82,68652.25,69094.76,82771575.3
2026-03-03 01:00:00,69094.76,69257.29,68749.23,68755.9,78427273.32
2026-03-03 02:00:00,68755.9,68763.3,68231.45,68511.34,95300340.92
2026-03-03 03:00:00,68511.34,68544.83,68238.64,68369.64,52568242.31
2026-03-03 04:00:00,68369.64,68451,68050.56,68121.9,51710061.52
2026-03-03 05:00:00,68121.9,68562.13,67848.73,67944.46,85572273.65
2026-03-03 06:00:00,67944.46,68209.64,67800.12,68105.94,80071493.15
2026-03-03 07:00:00,68105.94,68264.14,67951.61,68170.26,53920042.23
2026-03-03 08:00:00,68170.26,68305.43,66903.65,66998.8,122852564.4
2026-03-03 09:00:00,66998.8,67182.52,66349.06,66643.54,154060391.08
2026-03-03 10:00:00,66643.54,67011.33,66442.62,66845.82,93491634.13
2026-03-03 11:00:00,66845.82,67152.88,66764.12,67018.11,80568298.68
2026-03-03 12:00:00,67018.11,67952.26,67017.72,67382.97,130673527.56
2026-03-03 13:00:00,67382.97,67418.79,66628.95,66926.03,122203649.25
2026-03-03 14:00:00,66926.03,67569.98,66148.66,66558.69,237961136.95
2026-03-03 15:00:00,66558.69,67828.58,66463.17,67729.28,258066963.63
2026-03-03 16:00:00,67729.28,68999.82,67499.33,68179.68,349299860.27
2026-03-03 17:00:00,68179.68,68407.89,67641.61,68320.7,252475640.62
2026-03-03 18:00:00,68320.7,68929.8,67993.46,68643.95,223947589.71
2026-03-03 19:00:00,68643.95,68891.67,68335.18,68441.62,183417769.86
2026-03-03 20:00:00,68441.62,68592.09,68095.2,68266.99,176059251.74
2026-03-03 21:00:00,68266.99,68267.82,67829.9,68026.24,84278342.74
2026-03-03 22:00:00,68026.24,68523.65,68026.22,68321.14,78226504.04
2026-03-03 23:00:00,68321.14,68856.38,68260.02,68338,81305276.08
2026-03-04 00:00:00,68338,68417.15,67876.58,68105.48,106358024.6
2026-03-04 01:00:00,68105.48,68913.94,67968.49,68424.82,134218670.12
2026-03-04 02:00:00,68424.82,68444.1,67987.01,68328.55,78263225.93
2026-03-04 03:00:00,68328.55,68389.38,67407.2,67733.67,116505111.19
2026-03-04 04:00:00,67733.67,67959.75,67464.86,67791.52,81212688.05
2026-03-04 05:00:00,67791.52,68371.82,67679.43,68204.55,65104327.15
2026-03-04 06:00:00,68204.55,68678.23,68041.67,68504.46,84100688.34
2026-03-04 07:00:00,68504.46,69650.87,68351.95,69504.19,113586772.91
2026-03-04 08:00:00,69504.19,71165.35,69142.24,71017.86,220425500.39
2026-03-04 09:00:00,71017.86,71902.81,70729.49,71524.3,253897173.87
2026-03-04 10:00:00,71524.3,71875.71,71207.54,71341.3,136295420.59
2026-03-04 11:00:00,71341.3,71502.28,70939.39,71118.49,69669541.64
2026-03-04 12:00:00,71118.49,71354.6,70597.89,71344.7,161380546.26
2026-03-04 13:00:00,71344.7,71628.67,71217.73,71485.74,138996403.29
2026-03-04 14:00:00,71485.74,72631.44,71322.35,71638.56,363785505.2
2026-03-04 15:00:00,71638.56,73510.6,71628.08,73422.5,386326621.83
2026-03-04 16:00:00,73422.5,73548.8,72573.45,73339.32,313873361.24
2026-03-04 17:00:00,73339.32,73788.95,72989.14,73252.77,300970092.37
2026-03-04 18:00:00,73252.77,73745.1,72950.48,73726.73,201012992.6
2026-03-04 19:00:00,73726.73,74083.89,73559.92,73665.77,251065059.82
2026-03-04 20:00:00,73665.77,73761.73,73077.86,73080.01,226784286.97
2026-03-04 21:00:00,73080.01,73354.87,72911.92,73345.06,161746037.47
2026-03-04 22:00:00,73345.06,73551.86,72646.07,72717.89,93411524.05
2026-03-04 23:00:00,72717.89,72888.49,72334.37,72685.14,118408210.99
2026-03-05 00:00:00,72685.14,73017.68,72573.27,72784.88,87118090.8
2026-03-05 01:00:00,72784.88,73307.95,72428.78,72555.63,111672019.5
2026-03-05 02:00:00,72555.63,72900.57,72354.13,72519.43,85062952.8
2026-03-05 03:00:00,72519.43,72764.37,72364.71,72511.97,69245785.33
2026-03-05 04:00:00,72511.97,73097.46,72467.67,72833.45,73871494.94
2026-03-05 05:00:00,72833.45,72931.42,72279.4,72431.86,62907959.94
2026-03-05 06:00:00,72431.86,72674.73,72057.67,72561.96,76579837.48
2026-03-05 07:00:00,72561.96,72676.91,71794.97,72069.24,82500846.87
2026-03-05 08:00:00,72069.24,72382.18,71772.24,72351.03,65587452.23
2026-03-05 09:00:00,72351.03,72895.49,72311.88,72615.39,86190690.28
2026-03-05 10:00:00,72615.39,73580.61,72544.58,73414.03,127522286.03
2026-03-05 11:00:00,73414.03,73475.94,72803.72,72929.51,74906923.54
2026-03-05 12:00:00,72929.51,73082.61,72681.02,72908.64,80259584.41
2026-03-05 13:00:00,72908.64,72954.96,72214.79,72487.69,122578827.09
2026-03-05 14:00:00,72487.69,72847.93,71982.6,72626.01,237939856.44
2026-03-05 15:00:00,72626.01,72783.87,71175.47,71665.99,286884154.1
2026-03-05 16:00:00,71665.99,71668.83,70810.39,71318.12,264622447.96
2026-03-05 17:00:00,71318.12,71583.96,70649.03,70705.36,199122346.26
2026-03-05 18:00:00,70705.36,71080.47,70658.6,70991.21,149882957.2
2026-03-05 19:00:00,70991.21,71426.96,70865.7,70921.06,124997560.21
2026-03-05 20:00:00,70921.06,71379.88,70842.91,71242.68,130908390.54
2026-03-05 21:00:00,71242.68,71570.35,71031.35,71141.83,99342772.36
2026-03-05 22:00:00,71141.83,71356.42,71080.27,71219.46,51513513.94
2026-03-05 23:00:00,71219.46,71304.07,70786.27,70883.43,67468986.56
2026-03-06 00:00:00,70883.43,71051.97,70789.64,70981.95,57475775.09
2026-03-06 01:00:00,70981.95,71295.53,70394.6,71257.1,117628736.09
2026-03-06 02:00:00,71257.1,71415.18,71038.1,71246.28,74818806.06
2026-03-06 03:00:00,71246.28,71292.24,71000.59,71085.61,46199300.16
2026-03-06 04:00:00,71085.61,71117.36,70278.56,70617.75,81468149.13
2026-03-06 05:00:00,70617.75,70659.42,70142.16,70435.59,80904353.02
2026-03-06 06:00:00,70435.59,70845.39,70270.08,70601.52,46701406.28
2026-03-06 07:00:00,70601.52,71182.14,70475.25,71064.79,68509598.67
2026-03-06 08:00:00,71064.79,71072.13,70747.63,70789.17,59305493.75
2026-03-06 09:00:00,70789.17,70813.28,70301.13,70564.81,70942868.55
2026-03-06 10:00:00,70564.81,70792.98,70466.21,70535.51,53449959.85
2026-03-06 11:00:00,70535.51,70637.23,70198.67,70222.77,62176838.56
2026-03-06 12:00:00,70222.77,70232.78,69668.24,69937.77,164503289.47
2026-03-06 13:00:00,69937.77,70318.49,69223.21,69231.96,214219008.47
2026-03-06 14:00:00,69231.96,69273.5,68172.43,68386.44,382954445.01
2026-03-06 15:00:00,68386.44,69110.76,68310.45,68501.76,236299829.27
2026-03-06 16:00:00,68501.76,68794.58,68223.03,68446.74,153039027.43
2026-03-06 17:00:00,68446.74,68642.43,67734.1,67953.15,165419919.21
2026-03-06 18:00:00,67953.15,68471.79,67946.93,68171.13,116990927.95
2026-03-06 19:00:00,68171.13,68464.78,67998.17,68118.4,85467913.92
2026-03-06 20:00:00,68118.4,68275.24,67766.56,68102.02,122949638.2
2026-03-06 21:00:00,68102.02,68327.68,67928.45,68287.11,92499794.39
2026-03-06 22:00:00,68287.11,68432.04,68226.28,68324.13,45174296.25
2026-03-06 23:00:00,68324.13,68364.96,68095.79,68110.63,35547334.09
2026-03-07 00:00:00,68110.63,68382.47,68106.27,68284.04,29210542.92
2026-03-07 01:00:00,68284.04,68357.99,68179.83,68254.5,24562975.37
2026-03-07 02:00:00,68254.5,68360.66,68054.66,68343.58,34353986.61
2026-03-07 03:00:00,68343.58,68536.12,68099.73,68099.78,48625094.57
2026-03-07 04:00:00,68099.78,68145.96,67810.58,68060.63,29928516.56
2026-03-07 05:00:00,68060.63,68136.17,67907.65,68012.71,26915622.05
2026-03-07 06:00:00,68012.71,68021.29,67610.78,67688.48,36481438.86
2026-03-07 07:00:00,67688.48,67859.6,67444.66,67840.98,45669687.19
2026-03-07 08:00:00,67840.98,68035.26,67721.96,67799.21,26154343.87
2026-03-07 09:00:00,67799.21,68069.2,67734.84,68002.53,15318446.66
2026-03-07 10:00:00,68002.53,68100.32,67873.34,67885.79,19859505.19
2026-03-07 11:00:00,67885.79,68231.44,67844.42,68012.76,31028399.3
2026-03-07 12:00:00,68012.76,68083.67,67897.62,67989.83,21144467.17
2026-03-07 13:00:00,67989.83,68081.87,67859.75,67923.62,32530020.61
2026-03-07 14:00:00,67923.62,68078.55,67614.59,68022.24,42534691.21
2026-03-07 15:00:00,68022.24,68028.16,67778.26,67880.04,35253159.6
2026-03-07 16:00:00,67880.04,67894.49,67705.51,67792,24229727.96
2026-03-07 17:00:00,67792,67938.99,67768.15,67784.14,17154947.4
2026-03-07 18:00:00,67784.14,67785.22,67495.66,67569.47,42514431.55
2026-03-07 19:00:00,67569.47,67569.71,66935.38,67086.39,95518879.78
2026-03-07 20:00:00,67086.39,67430.52,67075.02,67395.25,40956319.12
2026-03-07 21:00:00,67395.25,67480.49,67280,67449.47,32087396.34
2026-03-07 22:00:00,67449.47,67468.48,67103.46,67259.24,32554703.37
2026-03-07 23:00:00,67259.24,67399.7,67188.71,67261.55,24793706.27
2026-03-08 00:00:00,67261.55,67480.2,67175.1,67194.31,29101073.13
2026-03-08 01:00:00,67194.31,67351.3,67092.04,67295.92,27392056.61
2026-03-08 02:00:00,67295.92,67421.16,66845.81,66921.12,55674040.78
2026-03-08 03:00:00,66921.12,67080.53,66850.2,67002.39,40369183.41
2026-03-08 04:00:00,67002.39,67086.96,66552.66,66632.99,41163467
2026-03-08 05:00:00,66632.99,67240.53,66617.8,67144.93,33058883.29
2026-03-08 06:00:00,67144.93,67228.25,67038.39,67164.22,18658686.79
2026-03-08 07:00:00,67164.22,67449.31,67152.54,67316.68,27329595.12
2026-03-08 08:00:00,67316.68,67566.01,67163.19,67531.99,31554169.26
2026-03-08 09:00:00,67531.99,67890.89,67469.93,67696.05,42987553.04
2026-03-08 10:00:00,67696.05,68191.22,67692.12,67895.5,44497002.73
2026-03-08 11:00:00,67895.5,67895.68,67415.33,67517.64,35166050.26
2026-03-08 12:00:00,67517.64,67644.8,66899.61,67316.8,72599665.43
2026-03-08 13:00:00,67316.8,67426.02,66831.33,67233.66,75468287.01
2026-03-08 14:00:00,67233.66,67415.25,67051.61,67333.78,42265018.99
2026-03-08 15:00:00,67333.78,67363.4,67075.21,67206.82,42458674.05
2026-03-08 16:00:00,67206.82,67256.8,66803.62,66868.32,51187050.26
2026-03-08 17:00:00,66868.32,67172.17,66799.57,67045.48,53728612.41
2026-03-08 18:00:00,67045.48,67063.53,66751.74,66814.3,38240565.97
2026-03-08 19:00:00,66814.3,67458.48,66779.58,67327.26,61959185.96
2026-03-08 20:00:00,67327.26,67508.38,67022.94,67222.39,79123897.6
2026-03-08 21:00:00,67222.39,67252.54,66720.3,67005.64,60784708.78
2026-03-08 22:00:00,67005.64,67008.1,65631.31,66239.41,289714616.53
2026-03-08 23:00:00,66239.41,66569.9,65931.85,65974.07,99138503.24
2026-03-09 00:00:00,65974.07,66743.25,65835.73,66363.87,117926717.49
2026-03-09 01:00:00,66363.87,66686.36,66129.85,66199.53,97884832.88
2026-03-09 02:00:00,66199.53,66705.2,65960.42,66538.75,92386921.27
2026-03-09 03:00:00,66538.75,67662.25,66519.27,67203.82,129287811.1
2026-03-09 04:00:00,67203.82,67604.02,67110.73,67142,73457138.21
2026-03-09 05:00:00,67142,68052.93,67121.91,67900.11,81036677.62
2026-03-09 06:00:00,67900.11,67924.09,67243.1,67258.24,45351328.03
2026-03-09 07:00:00,67258.24,67553.95,66894.38,67535.02,61232925.61
2026-03-09 08:00:00,67535.02,67912.91,67383.62,67799.63,75504494.34
2026-03-09 09:00:00,67799.63,68452.74,67566.76,67975.36,84223030.93
2026-03-09 10:00:00,67975.36,68070.94,67548.7,67600.36,56439148.78
2026-03-09 11:00:00,67600.36,67846.4,67333.9,67754.79,49667276.46
2026-03-09 12:00:00,67754.79,68332.58,67748.02,68149.87,88791970.24
2026-03-09 13:00:00,68149.87,69313.81,68131.92,68990.5,270965233.07
2026-03-09 14:00:00,68990.5,69492.76,68709.63,69167.03,299054421.41
2026-03-09 15:00:00,69167.03,69277.92,68757.65,68889.97,162139885.79
2026-03-09 16:00:00,68889.97,69242.39,68654.74,68974.62,153837463.93
2026-03-09 17:00:00,68974.62,69101.39,68287.56,68618.12,123362926.38
2026-03-09 18:00:00,68618.12,68716.71,68250.59,68369.32,111925278.48
2026-03-09 19:00:00,68369.32,69537.79,68369.3,69011.95,246738476.2
2026-03-09 20:00:00,69011.95,69169.81,68779.76,68980.51,137072271.73
2026-03-09 21:00:00,68980.51,69114.57,68684.46,68931.94,52248894.06
2026-03-09 22:00:00,68931.94,69037.03,68615.11,68647.49,48909300.59
2026-03-09 23:00:00,68647.49,68703.08,68386.44,68438.57,50031739.57
2026-03-10 00:00:00,68438.57,69294.97,68390.84,69163.77,82677909.89
2026-03-10 01:00:00,69163.77,69388.09,68812.5,69270,64195405.82
2026-03-10 02:00:00,69270,70589.53,69119.37,70278.5,160033273.08
2026-03-10 03:00:00,70278.5,70374.46,69391.58,69435.8,98385021.28
2026-03-10 04:00:00,69435.8,70124.75,69435.8,70073.87,56088781.17
2026-03-10 05:00:00,70073.87,70362.75,69897.19,69975.25,51903383.47
2026-03-10 06:00:00,69975.25,70190.86,69768.28,69921.79,50389245.51
2026-03-10 07:00:00,69921.79,70527.4,69840.12,70410.82,95183169.48
2026-03-10 08:00:00,70410.82,71095.62,70391.84,70695.2,115667722.51
2026-03-10 09:00:00,70695.2,71301.96,70670,71073.13,91070309.51
2026-03-10 10:00:00,71073.13,71092.18,70684.21,70781.62,68267646.13
2026-03-10 11:00:00,70781.62,70876.55,70557.53,70612.86,58123256.08
2026-03-10 12:00:00,70612.86,70642.66,70319.47,70536.79,96799940.84
2026-03-10 13:00:00,70536.79,70940.46,69739.1,69928.53,201685724.73
2026-03-10 14:00:00,69928.53,71541.3,69296.4,71479.86,312189913.72
2026-03-10 15:00:00,71479.86,71784.73,70929.52,71369.21,200420871.52
2026-03-10 16:00:00,71369.21,71735.8,70976.34,71289.48,202181406.91
2026-03-10 17:00:00,71289.48,71475.05,70534.23,70891.19,179594435.73
2026-03-10 18:00:00,70891.19,70933.69,69912.39,70026.72,218622016.56
2026-03-10 19:00:00,70026.72,70289.36,69742.86,70054.63,164283964.03
2026-03-10 20:00:00,70054.63,70358.05,70020.72,70253.87,109296050
2026-03-10 21:00:00,70253.87,70429.25,69565.38,69776.11,118360756.03
2026-03-10 22:00:00,69776.11,69880.79,69470.98,69712.9,63410596.29
2026-03-10 23:00:00,69712.9,69979.63,69706.64,69961.25,70028756.5
2026-03-11 00:00:00,69961.25,70175.44,69774.98,70051.9,82354178.24
2026-03-11 01:00:00,70051.9,70151.91,69896.8,70087.29,55601283.14
2026-03-11 02:00:00,70087.29,70128.82,69632.74,69826.91,59236281.87
2026-03-11 03:00:00,69826.91,69903.68,69505.25,69560.9,43432483.06
2026-03-11 04:00:00,69560.9,70268.42,69510.18,70144.24,44691704.56
2026-03-11 05:00:00,70144.24,70203.21,69436.54,69512.8,51727601.55
2026-03-11 06:00:00,69512.8,69993.11,69504.75,69952.54,37051508.39
2026-03-11 07:00:00,69952.54,70024.6,69512.98,69664.75,41740662.66
2026-03-11 08:00:00,69664.75,69772.44,69511.35,69660.17,48124318.2
2026-03-11 09:00:00,69660.17,69751.7,69398.32,69470.29,39524593.38
2026-03-11 10:00:00,69470.29,69724.22,69404.66,69619.2,40135066.99
2026-03-11 11:00:00,69619.2,69684.71,69171.8,69184.69,51411981.72
2026-03-11 12:00:00,69184.69,69761.01,68986.08,69368.64,127474456.11
2026-03-11 13:00:00,69368.64,71094.84,69349.51,70191.53,279392225.63
2026-03-11 14:00:00,70191.53,71007.68,69983.41,70594.21,292730714.5
2026-03-11 15:00:00,70594.21,70670.35,69733.78,70255.01,175624698.85
2026-03-11 16:00:00,70255.01,70846.35,70194.72,70592.81,158871014.07
2026-03-11 17:00:00,70592.81,71346.32,70542.41,70803.37,227795552.88
2026-03-11 18:00:00,70803.37,70916.09,70445.54,70644.15,153805303.83
2026-03-11 19:00:00,70644.15,70764.66,70408.45,70668.6,120532426.6
2026-03-11 20:00:00,70668.6,70712.16,70421,70650.53,94850904.9
2026-03-11 21:00:00,70650.53,70798.62,70515.63,70764.58,59264970.66
2026-03-11 22:00:00,70764.58,70954.12,70262.99,70386.87,75389322.09
2026-03-11 23:00:00,70386.87,70517.72,70142.58,70205.19,57514039.29
2026-03-12 00:00:00,70205.19,70364.81,70151.95,70232.46,47160171.4
2026-03-12 01:00:00,70232.46,70236.71,69769.48,69840.34,80202002.01
2026-03-12 02:00:00,69840.34,69890.25,69237.6,69302.21,80846983.91
2026-03-12 03:00:00,69302.21,69624.51,69245.37,69447.83,45019828.93
2026-03-12 04:00:00,69447.83,69674.57,69301.82,69379.79,41120445.89
2026-03-12 05:00:00,69379.79,69545.94,69210.99,69474.31,29883043.65
2026-03-12 06:00:00,69474.31,69559.4,69365.29,69495.63,37145156.02
2026-03-12 07:00:00,69495.63,69856.38,69420.98,69828.76,47668822.46
2026-03-12 08:00:00,69828.76,70114.38,69711.03,69912.61,60183581.57
2026-03-12 09:00:00,69912.61,70392.48,69590.31,69966.45,66303802.98
2026-03-12 10:00:00,69966.45,70522.28,69868.6,70432.12,73868358.17
2026-03-12 11:00:00,70432.12,70804.8,70385.76,70443.28,77087396.7
2026-03-12 12:00:00,70443.28,70629.18,70297.67,70400.49,78477502
2026-03-12 13:00:00,70400.49,70539.4,69713.36,69989.5,206141901.65
2026-03-12 14:00:00,69989.5,70677.18,69368.33,69603.14,293626979.97
2026-03-12 15:00:00,69603.14,70583.39,69495.25,70357.32,213536923.81
2026-03-12 16:00:00,70357.32,70570.47,69930.94,70405.75,188160758.97
2026-03-12 17:00:00,70405.75,70574.95,70106.53,70238.46,123071273.84
2026-03-12 18:00:00,70238.46,70317.07,69820.29,69838.07,99711483.61
2026-03-12 19:00:00,69838.07,70571.5,69785.54,70459.92,163051894.72
2026-03-12 20:00:00,70459.92,70576.67,70130.41,70181.31,109631602.82
2026-03-12 21:00:00,70181.31,70481.46,70181.31,70290.74,38508744.32
2026-03-12 22:00:00,70290.74,70308.86,70025.53,70181.29,41664777.15
2026-03-12 23:00:00,70181.29,70745.9,70167.27,70527.68,80308160.89
2026-03-13 00:00:00,70527.68,72024.62,70402.18,71480.41,223928476.83
2026-03-13 01:00:00,71480.41,71759.81,71295.52,71666.7,86606382.86
2026-03-13 02:00:00,71666.7,71695.11,71059.04,71150.51,74918504.32
2026-03-13 03:00:00,71150.51,71506.51,70973.68,71412.06,56230899.17
2026-03-13 04:00:00,71412.06,71501.15,71256.9,71392.05,39509175.11
2026-03-13 05:00:00,71392.05,71638.52,71244.05,71558.86,55404710.32
2026-03-13 06:00:00,71558.86,71594.99,71190.68,71353.39,43578746.95
2026-03-13 07:00:00,71353.39,71681.01,71253.2,71631.48,59636263.13
2026-03-13 08:00:00,71631.48,72153.86,71399.53,71839.81,98284192.79
2026-03-13 09:00:00,71839.81,72118.24,71608.06,72019.13,54066488.08
2026-03-13 10:00:00,72019.13,72599.91,72014.35,72482.38,118827941.47
2026-03-13 11:00:00,72482.38,72547.71,72228.11,72245.69,57808997.66
2026-03-13 12:00:00,72245.69,72893.73,72229.82,72799.17,134611004.78
2026-03-13 13:00:00,72799.17,73615.96,72709.54,73410.84,252281899.03
2026-03-13 14:00:00,73410.84,73942.2,72392.95,72408,291542034.18
2026-03-13 15:00:00,72408,72865.22,71754.65,71850.56,261176118.69
2026-03-13 16:00:00,71850.56,72114.73,71170.41,71904.86,235856966.79
2026-03-13 17:00:00,71904.86,72264.16,70912.55,71038.79,221111459.56
2026-03-13 18:00:00,71038.79,71354.19,70852.25,71056.74,135024016.78
2026-03-13 19:00:00,71056.74,71313.69,71017.15,71184.94,107773319.98
2026-03-13 20:00:00,71184.94,71474.83,71157.82,71356.58,65769757.08
2026-03-13 21:00:00,71356.58,71487.85,71070.78,71108.83,43672516.94
2026-03-13 22:00:00,71108.83,71192.62,70567.66,70819.5,84131579.14
2026-03-13 23:00:00,70819.5,71012.75,70713.06,70941.65,47540015.94
2026-03-14 00:00:00,70941.65,70957.44,70568.01,70649.39,55043931.78
2026-03-14 01:00:00,70649.39,70912.65,70494.57,70840.96,44882460.03
2026-03-14 02:00:00,70840.96,70908.62,70749.88,70795.44,29106401.68
2026-03-14 03:00:00,70795.44,71172.74,70794.63,71084.83,36484201.51
2026-03-14 04:00:00,71084.83,71312.93,71032.02,71043.97,36537733.36
2026-03-14 05:00:00,71043.97,71157.39,70931.96,71027.1,29611679.38
2026-03-14 06:00:00,71027.1,71027.73,70324.71,70641.31,67616217.91
2026-03-14 07:00:00,70641.31,70753.17,70499.3,70613.21,28702833.39
2026-03-14 08:00:00,70613.21,70723.5,70555.51,70599.17,19914439.65
2026-03-14 09:00:00,70599.17,70737.54,70412.89,70531.83,28870230.3
2026-03-14 10:00:00,70531.83,70588.69,70398.21,70581.85,20040830.69
2026-03-14 11:00:00,70581.85,70788,70574.63,70754.79,18389980.54
2026-03-14 12:00:00,70754.79,70847.21,70628.57,70779.94,27983665.85
2026-03-14 13:00:00,70779.94,70936.64,70731.75,70870.73,27514670.63
2026-03-14 14:00:00,70870.73,70953.14,70592.49,70611.29,29912742.23
2026-03-14 15:00:00,70611.29,70738.92,70510.81,70601.38,27142329.62
2026-03-14 16:00:00,70601.38,70723.97,70513.06,70692.35,20176947.16
2026-03-14 17:00:00,70692.35,70744.49,70603.62,70632.27,15646502.59
2026-03-14 18:00:00,70632.27,70710,70574.3,70678.22,13677175.65
2026-03-14 19:00:00,70678.22,70745.77,70613.04,70710.84,14199670.62
2026-03-14 20:00:00,70710.84,70866.99,70660.66,70822.52,22939707.35
2026-03-14 21:00:00,70822.52,70833.99,70678.62,70813.37,18504065.03
2026-03-14 22:00:00,70813.37,70818.15,70715.04,70728.68,13747481.42
2026-03-14 23:00:00,70728.68,71258.29,70727.83,71223.72,48751686.34
2026-03-15 00:00:00,71223.72,71225.16,70976.99,71003.79,43660207.1
2026-03-15 01:00:00,71003.79,71047.68,70872.84,71011.15,32512652.01
2026-03-15 02:00:00,71011.15,71634.22,71010.85,71463.77,67916943.12
2026-03-15 03:00:00,71463.77,71537.08,71248.21,71362.28,38391734.77
2026-03-15 04:00:00,71362.28,71668.49,71342.74,71592.47,33826108.4
2026-03-15 05:00:00,71592.47,71798.62,71485.93,71504.88,35127302.69
2026-03-15 06:00:00,71504.88,71603.09,71407.19,71465.12,25806686.01
2026-03-15 07:00:00,71465.12,71672.66,71423.31,71463.95,20710405.88
2026-03-15 08:00:00,71463.95,71722.61,71463.74,71721.61,28664117.6
2026-03-15 09:00:00,71721.61,71944.85,71721.43,71808.47,43792534.25
2026-03-15 10:00:00,71808.47,71920.56,71734.76,71796.05,14683308.21
2026-03-15 11:00:00,71796.05,71899.79,71676.78,71854.6,20064727.76
2026-03-15 12:00:00,71854.6,71854.6,71584.15,71624.19,25092908.59
2026-03-15 13:00:00,71624.19,71694.97,71283.31,71613.12,75470933.03
2026-03-15 14:00:00,71613.12,71631.42,71354.54,71631.42,38486755.85
2026-03-15 15:00:00,71631.42,71631.45,71423.01,71486.47,24943740.17
2026-03-15 16:00:00,71486.47,71589.98,71338.62,71441.75,40786638.42
2026-03-15 17:00:00,71441.75,71994.49,71421.55,71829.62,40512330.82
2026-03-15 18:00:00,71829.62,71889.06,71331.07,71395.4,47535649.47
2026-03-15 19:00:00,71395.4,71582.56,71350.93,71562.89,27685566.12
2026-03-15 20:00:00,71562.89,71932.44,71446.28,71740.72,44727625.67
2026-03-15 21:00:00,71740.72,72246.69,71637.44,72111.82,57619611.39
2026-03-15 22:00:00,72111.82,73075.48,71735.85,72754.07,191675754.33
2026-03-15 23:00:00,72754.07,73214.29,72432.01,72828.77,174571657.07
2026-03-16 00:00:00,72828.77,73026.18,72459.53,72546.12,89321099.88
2026-03-16 01:00:00,72546.12,72866.89,72291.22,72765.45,79936165.38
2026-03-16 02:00:00,72765.45,72864.54,72381.55,72534.85,47179199.15
2026-03-16 03:00:00,72534.85,74297.22,72452.52,73580.09,229359285.66
2026-03-16 04:00:00,73580.09,74439.62,73580.07,73837.22,127559206.36
2026-03-16 05:00:00,73837.22,74247.41,73717.95,74201.13,104145767.09
2026-03-16 06:00:00,74201.13,74201.89,73609.57,73720.1,61738496.97
2026-03-16 07:00:00,73720.1,73929.07,73393.65,73462.56,64015091.41
2026-03-16 08:00:00,73462.56,73776.41,72894.8,73139.6,93920038.54
2026-03-16 09:00:00,73139.6,73340.72,73067.15,73262.75,52795894.65
2026-03-16 10:00:00,73262.75,73796.84,73216.55,73795.33,87195019.24
2026-03-16 11:00:00,73795.33,73847.09,73528.98,73560.17,61935663.41
2026-03-16 12:00:00,73560.17,74051.74,73472.75,73864.9,112039950.11
2026-03-16 13:00:00,73864.9,74525.9,73796.71,74113.06,199839063.54
2026-03-16 14:00:00,74113.06,74469.97,73005.79,73565.88,225352567.4
2026-03-16 15:00:00,73565.88,74049.81,73202.77,73285.58,148436885.46
2026-03-16 16:00:00,73285.58,73928.49,73170.94,73767.67,110943539.09
2026-03-16 17:00:00,73767.67,74063.52,73663.16,73951.5,93016503.84
2026-03-16 18:00:00,73951.5,74371.72,73858.43,73913.7,148338902.94
2026-03-16 19:00:00,73913.7,74413.83,73796.45,73970.84,109899849.97
2026-03-16 20:00:00,73970.84,74258.95,73862.47,74241.59,55350841.51
2026-03-16 21:00:00,74241.59,74794.91,74162.51,74407.18,132707978.23
2026-03-16 22:00:00,74407.18,74904.62,74378.46,74761.59,94912020.46
2026-03-16 23:00:00,74761.59,74911.2,74257.16,74884.52,83891583.95
2026-03-17 00:00:00,74884.52,75512.62,74625.45,75315.6,183245743.32
2026-03-17 01:00:00,75315.6,76011.83,75077.06,75625.54,165418171.78
2026-03-17 02:00:00,75625.54,75674.57,75127.18,75197.86,80399525.44
2026-03-17 03:00:00,75197.86,75326.96,74273.05,74469.01,159990119.36
2026-03-17 04:00:00,74469.01,74684.95,74001.86,74247.54,99718966.93
2026-03-17 05:00:00,74247.54,74465.03,73793.69,74047.7,75777362.19
2026-03-17 06:00:00,74047.7,74281.53,73887.76,74088.57,58329796.5
2026-03-17 07:00:00,74088.57,74458.03,74073.77,74257.16,37633897.21
2026-03-17 08:00:00,74257.16,74462.64,74114.27,74191.5,64149671.86
2026-03-17 09:00:00,74191.5,74407.05,73854,73946.73,76511551.66
2026-03-17 10:00:00,73946.73,73972.47,73585.74,73735.95,100791311.8
2026-03-17 11:00:00,73735.95,74219.27,73690.9,74043.74,89439713.28
2026-03-17 12:00:00,74043.74,74183.05,73675.08,73744.04,119305847.61
2026-03-17 13:00:00,73744.04,74176.75,73419.9,73628.23,241479448.04
2026-03-17 14:00:00,73628.23,74442.16,73446.78,74404.81,205044743.72
2026-03-17 15:00:00,74404.81,74920.61,73698.51,73940.03,256808291.71
2026-03-17 16:00:00,73940.03,74370.1,73888.53,74182.61,145798922.87
2026-03-17 17:00:00,74182.61,74618.76,74039.36,74547.96,133342026.87
2026-03-17 18:00:00,74547.96,74796.31,74417.78,74708.12,154679739.99
2026-03-17 19:00:00,74708.12,74835.3,74463.25,74541.45,118179494.13
2026-03-17 20:00:00,74541.45,74709.66,74398.67,74539.91,67529446.53
2026-03-17 21:00:00,74539.91,74831.54,74487.68,74712.5,54301607.85
2026-03-17 22:00:00,74712.5,74804.83,73962.07,74336.46,74592618.32
2026-03-17 23:00:00,74336.46,74429.68,73903.69,73936.64,57207234.67
2026-03-18 00:00:00,73936.64,74084.95,73559.2,73886.25,74148699.58
2026-03-18 01:00:00,73886.25,74233.21,73846.6,74103.86,65303069.15
2026-03-18 02:00:00,74103.86,74506.3,74076.81,74374.79,42393978.15
2026-03-18 03:00:00,74374.79,74703.58,74286,74480.28,41334544.95
2026-03-18 04:00:00,74480.28,74522.92,74171.6,74200.46,31306622.65
2026-03-18 05:00:00,74200.46,74327.52,73854.75,73980.31,41923437.06
2026-03-18 06:00:00,73980.31,74246.52,73961.1,73974.02,29534446.1
2026-03-18 07:00:00,73974.02,74016.6,73712.48,73899.44,39550803.62
2026-03-18 08:00:00,73899.44,74131.8,73878.79,74057,33923480.85
2026-03-18 09:00:00,74057,74304.59,74049.86,74195.19,29282033.81
2026-03-18 10:00:00,74195.19,74277.48,73826.15,73952.36,33179452.44
2026-03-18 11:00:00,73952.36,74088.89,72815.53,72965.8,154340583.59
2026-03-18 12:00:00,72965.8,72997.35,72287.91,72382.76,172200592.28
2026-03-18 13:00:00,72382.76,72570.22,71987.29,72137,199236909.02
2026-03-18 14:00:00,72137,72231.41,71116.49,71200.13,208976617.26
2026-03-18 15:00:00,71200.13,71531.34,70867.94,71471.12,184886214.7
2026-03-18 16:00:00,71471.12,71565.3,71035.26,71324.05,139724966.24
2026-03-18 17:00:00,71324.05,71759.46,71203.47,71602.4,91062196.45
2026-03-18 18:00:00,71602.4,72022.74,70959.24,71105.79,162373020.9
2026-03-18 19:00:00,71105.79,71487.62,70935.58,71068.3,110237373.12
2026-03-18 20:00:00,71068.3,71321.71,70493.02,71223.35,136195444.91
2026-03-18 21:00:00,71223.35,71431.73,71163.06,71269.04,59340020.17
2026-03-18 22:00:00,71269.04,71272.59,70944.12,71150.57,41910603.75
2026-03-18 23:00:00,71150.57,71364.9,71067.12,71248.69,42436211.23
2026-03-19 00:00:00,71248.69,71309.46,70982.83,71005.68,47527330.33
2026-03-19 01:00:00,71005.68,71185.87,70959.98,71123.68,38907266.7
2026-03-19 02:00:00,71123.68,71259.93,70913.52,71059.43,40283680.1
2026-03-19 03:00:00,71059.43,71617.06,71059.41,71218.08,62913789.93
2026-03-19 04:00:00,71218.08,71219.38,70664.31,70830.07,58183938.32
2026-03-19 05:00:00,70830.07,70907.96,70660.53,70826.01,39277249.27
2026-03-19 06:00:00,70826.01,70957.83,70511.18,70585.8,53199452.87
2026-03-19 07:00:00,70585.8,70600.29,69499.73,70196.46,162456002.64
2026-03-19 08:00:00,70196.46,70299.64,69911.7,69994.28,60940515.4
2026-03-19 09:00:00,69994.28,70559.8,69990.57,70504.03,59599979.22
2026-03-19 10:00:00,70504.03,70534.94,70117.41,70130.4,39806889.23
2026-03-19 11:00:00,70130.4,70262.08,69912.27,69951.11,44971675.91
2026-03-19 12:00:00,69951.11,69952.04,69110.95,69291.93,151147907.71
2026-03-19 13:00:00,69291.93,70079.76,69082.25,69901.43,186527468.46
2026-03-19 14:00:00,69901.43,70150.11,69087.35,69487.73,178017656.94
2026-03-19 15:00:00,69487.73,69917.97,68778.11,69403.95,220503151.32
2026-03-19 16:00:00,69403.95,69628.47,69175.5,69450.4,142568586.34
2026-03-19 17:00:00,69450.4,69936.74,69112.63,69852.05,116739036
2026-03-19 18:00:00,69852.05,69923.58,69582.45,69820.42,76220620.61
2026-03-19 19:00:00,69820.42,70602.68,69806.19,70265.96,176479747.05
2026-03-19 20:00:00,70265.96,70669.42,70196.1,70493.34,77687777.71
2026-03-19 21:00:00,70493.34,70695.41,70380.19,70421.43,44182355.47
2026-03-19 22:00:00,70421.43,70504.99,69959,70186.32,53915990.09
2026-03-19 23:00:00,70186.32,70286.4,69721.92,69918.84,67074767.13
2026-03-20 00:00:00,69918.84,70307.43,69841.92,70198.34,60451883.56
2026-03-20 01:00:00,70198.34,70586.33,70186.67,70408.18,59925522.66
2026-03-20 02:00:00,70408.18,70513.81,70086.68,70415.94,54209785.85
2026-03-20 03:00:00,70415.94,70805.7,70385.97,70730.09,64368289.9
2026-03-20 04:00:00,70730.09,70963.3,70554.93,70776.54,45826997.36
2026-03-20 05:00:00,70776.54,70861.4,70528.51,70600.68,32601027.86
2026-03-20 06:00:00,70600.68,70642.76,70348.24,70496.66,35438820.39
2026-03-20 07:00:00,70496.66,70926.33,70217,70852.3,46630778.38
2026-03-20 08:00:00,70852.3,71362.83,70795.02,71042.48,75921943.82
2026-03-20 09:00:00,71042.48,71042.95,70414.16,70575.45,73666049
2026-03-20 10:00:00,70575.45,70666.67,70215.6,70607.32,69608978.29
2026-03-20 11:00:00,70607.32,70796.06,70307.03,70470.97,58606957.84
2026-03-20 12:00:00,70470.97,70676.63,70247.39,70332.31,69582190.03
2026-03-20 13:00:00,70332.31,70609.25,69783.12,69850.58,179172367.24
2026-03-20 14:00:00,69850.58,70257.07,69577.35,69725.72,235654406.66
2026-03-20 15:00:00,69725.72,69989.93,69471.01,69851.02,128417633.48
2026-03-20 16:00:00,69851.02,70090.94,69596.88,69819.09,88443201.99
2026-03-20 17:00:00,69819.09,70009.17,69382.16,69978.93,111421744.38
2026-03-20 18:00:00,69978.93,70056.84,69513.82,69750.44,112724492.11
2026-03-20 19:00:00,69750.44,70188.65,69661.95,70172.36,108934072.32
2026-03-20 20:00:00,70172.36,70245.82,69744.44,70049.06,84136252.98
2026-03-20 21:00:00,70049.06,70724.07,69942.09,70538.2,82520823.43
2026-03-20 22:00:00,70538.2,70922.65,70528.89,70768.63,57407527.44
2026-03-20 23:00:00,70768.63,70771.52,70424.96,70504.27,44316503.55
2026-03-21 00:00:00,70504.27,70811.08,70464.85,70673.66,34812125.53
2026-03-21 01:00:00,70673.66,70751.77,70457.34,70461.94,22105880.76
2026-03-21 02:00:00,70461.94,70773.69,70434.12,70727.52,24021596.33
2026-03-21 03:00:00,70727.52,70771.54,70622.36,70660.63,13932081.65
2026-03-21 04:00:00,70660.63,70810.25,70613.63,70633.67,24295086.72
2026-03-21 05:00:00,70633.67,70825.09,70624.41,70696.8,16965575.07
2026-03-21 06:00:00,70696.8,70808.46,70686.68,70763.61,14481064.95
2026-03-21 07:00:00,70763.61,70870.28,70672.15,70710.48,17931658.1
2026-03-21 08:00:00,70710.48,70749.58,70484.28,70587,30854986.98
2026-03-21 09:00:00,70587,70729.97,70567.39,70651.77,36756529.43
2026-03-21 10:00:00,70651.77,70686.22,70554.46,70598.01,15015712.52
2026-03-21 11:00:00,70598.01,70641.2,70558.71,70639.5,9801713.45
2026-03-21 12:00:00,70639.5,70783.88,70639.45,70702.56,15477909.68
2026-03-21 13:00:00,70702.56,70799.93,70688.52,70720.86,15760254.77
2026-03-21 14:00:00,70720.86,71082.27,70582,70615.66,49309972.37
2026-03-21 15:00:00,70615.66,70748.93,70446.55,70621.61,35176839.23
2026-03-21 16:00:00,70621.61,70642.29,70239.1,70294.26,38481730.9
2026-03-21 17:00:00,70294.26,70411.67,70199.62,70298.46,35593452.1
2026-03-21 18:00:00,70298.46,70517.32,70285.17,70379.11,26572776.5
2026-03-21 19:00:00,70379.11,70432.38,70305.56,70379.08,15878764.15
2026-03-21 20:00:00,70379.08,70491.09,70347.01,70450.96,28529095.3
2026-03-21 21:00:00,70450.96,70500.96,70256.1,70343.11,26533514.72
2026-03-21 22:00:00,70343.11,70368.43,70253.46,70270.86,23218475.46
2026-03-21 23:00:00,70270.86,70279.42,68569.14,68909.77,141319564.79
2026-03-22 00:00:00,68909.77,69138.51,68236.24,68938.27,150913355.01
2026-03-22 01:00:00,68938.27,69087.15,68756.82,68958.95,60876623.62
2026-03-22 02:00:00,68958.95,69396.23,68943.41,69276.64,51518921.34
2026-03-22 03:00:00,69276.64,69575.11,69116.44,69337.77,43212711.61
2026-03-22 04:00:00,69337.77,69516.9,69204.19,69348.14,32445819.34
2026-03-22 05:00:00,69348.14,69348.69,69138.53,69146.1,25386494.35
2026-03-22 06:00:00,69146.1,69229.73,69060.22,69153.94,20724009.45
2026-03-22 07:00:00,69153.94,69233.86,68885.94,68908.29,28014503.89
2026-03-22 08:00:00,68908.29,68971.6,68552.16,68794.53,48766750.03
2026-03-22 09:00:00,68794.53,68889.36,68580.17,68814.88,29212992.35
2026-03-22 10:00:00,68814.88,68835.41,68579.63,68641.49,19583272.01
2026-03-22 11:00:00,68641.49,68677.94,68115.77,68212.86,49457154.01
2026-03-22 12:00:00,68212.86,68744.85,68192.17,68647.2,53471244.88
2026-03-22 13:00:00,68647.2,68940.17,68544.7,68700.83,47560468.83
2026-03-22 14:00:00,68700.83,68910.02,68542.68,68714.58,40903971.12
2026-03-22 15:00:00,68714.58,68994.11,68711.47,68842.35,41062015.53
2026-03-22 16:00:00,68842.35,68878.74,68674.41,68807,28262378.71
2026-03-22 17:00:00,68807,68854.2,68677.79,68679.77,25866341.33
2026-03-22 18:00:00,68679.77,68745.26,68348.8,68615.44,37965084.13
2026-03-22 19:00:00,68615.44,68625.91,68148.54,68195.37,61738122.55
2026-03-22 20:00:00,68195.37,68496.29,68083.9,68174.01,45521492.82
2026-03-22 21:00:00,68174.01,68224.73,67346.39,67891.31,147829758.75
2026-03-22 22:00:00,67891.31,68380.97,67570.93,68318.38,122152537.57
2026-03-22 23:00:00,68318.38,68455.72,67831.18,67853.59,95515468.68
2026-03-23 00:00:00,67853.59,68145.13,67435.52,67661.07,117148987.47
2026-03-23 01:00:00,67661.07,68142.29,67531.4,67901.11,82186207.55
2026-03-23 02:00:00,67901.11,68386.96,67795.05,68310.3,73871430.22
2026-03-23 03:00:00,68310.3,68580.45,68056.31,68068.26,62650311.9
2026-03-23 04:00:00,68068.26,68537.08,68050.66,68529.85,36532094.71
2026-03-23 05:00:00,68529.85,68894.18,68529.82,68887.88,68747609.8
2026-03-23 06:00:00,68887.88,68890.28,67688.58,67852.29,76466989.11
2026-03-23 07:00:00,67852.29,68444.67,67495.8,68301.29,86870295.69
2026-03-23 08:00:00,68301.29,68682.29,68301.29,68426.38,63035462.32
2026-03-23 09:00:00,68426.38,68452.01,67909.15,68323.36,42264189.45
2026-03-23 10:00:00,68323.36,68701.3,68287.87,68537.35,44303557.67
2026-03-23 11:00:00,68537.35,71486.09,68537.35,70105.12,432213498.54
2026-03-23 12:00:00,70105.12,70856.63,69658.69,70723.82,167180020.02
2026-03-23 13:00:00,70723.82,71576.53,70580.83,71474.43,165415942.15
2026-03-23 14:00:00,71474.43,71809.18,71119.73,71445.68,203616862.92
2026-03-23 15:00:00,71445.68,71653.86,70093.41,70113.27,162770672.79
2026-03-23 16:00:00,70113.27,70734.99,70113.24,70549.61,111391764.24
2026-03-23 17:00:00,70549.61,71105.14,70356.93,71070.14,94138305.26
2026-03-23 18:00:00,71070.14,71178.2,70867.03,71069.17,83394340.76
2026-03-23 19:00:00,71069.17,71227.07,70634.35,70662.29,77469758.76
2026-03-23 20:00:00,70662.29,70969.99,70546.97,70901.44,45474106.41
2026-03-23 21:00:00,70901.44,70986.96,70814.5,70837.64,21382333.15
2026-03-23 22:00:00,70837.64,70880.46,70506.57,70761.02,39134312.83
2026-03-23 23:00:00,70761.02,70967.17,70390.34,70882.02,53549019.55
2026-03-24 00:00:00,70882.02,71075.01,70408.76,70666.36,57866287.06
2026-03-24 01:00:00,70666.36,70862.04,70271.61,70497.26,67451262.98
2026-03-24 02:00:00,70497.26,70674.47,70349.95,70432.46,45498832.43
2026-03-24 03:00:00,70432.46,70563.17,70382.6,70519.24,30702857.21
2026-03-24 04:00:00,70519.24,70720.21,70237,70357.48,40388557.15
2026-03-24 05:00:00,70357.48,70361.03,70104.02,70261.24,35165745.23
2026-03-24 06:00:00,70261.24,70547.99,70241.31,70515.46,32983952.77
2026-03-24 07:00:00,70515.46,71384.93,70465.47,71276.83,74721268.68
2026-03-24 08:00:00,71276.83,71324.52,70840.17,70953.39,51242838.52
2026-03-24 09:00:00,70953.39,71350.25,70837.71,71307.99,47342822.46
2026-03-24 10:00:00,71307.99,71315.62,71080.75,71257.19,45245702.01
2026-03-24 11:00:00,71257.19,71305.73,70952.68,71137.18,46504665.22
2026-03-24 12:00:00,71137.18,71162.44,70848.32,70947,47693611.34
2026-03-24 13:00:00,70947,71048.57,69969.84,70086.02,174730029.8
2026-03-24 14:00:00,70086.02,70443.83,69483.69,69840.44,156722174.41
2026-03-24 15:00:00,69840.44,70228.87,69746.46,69851.57,117066416.97
2026-03-24 16:00:00,69851.57,69980.93,69332.25,69442.66,126762321.66
2026-03-24 17:00:00,69442.66,69487.56,68897.47,69206.77,181154999.29
2026-03-24 18:00:00,69206.77,69713.94,69138.74,69398.48,116861783.15
2026-03-24 19:00:00,69398.48,69670.3,69249.35,69334.47,74476526.97
2026-03-24 20:00:00,69334.47,70258.82,69257.58,70064.01,135123016.9
2026-03-24 21:00:00,70064.01,70373.8,69877.01,70296.21,63543691.12
2026-03-24 22:00:00,70296.21,70557.72,70114.15,70290.2,64383570.46
2026-03-24 23:00:00,70290.2,70803.4,70241.99,70532.1,75190586.49
2026-03-25 00:00:00,70532.1,71013.86,70456.66,70816.14,70223930.89
2026-03-25 01:00:00,70816.14,70947.88,70604.46,70652.66,50293702.48
2026-03-25 02:00:00,70652.66,70728.34,70470.95,70501.35,37481856.27
2026-03-25 03:00:00,70501.35,70777.81,70378.93,70696.67,37536151.34
2026-03-25 04:00:00,70696.67,70951.54,70677.35,70943.97,30538212.38
2026-03-25 05:00:00,70943.97,71319.16,70914.49,71092.35,51611114.14
2026-03-25 06:00:00,71092.35,71242.79,70973.11,70978.11,34622590.57
2026-03-25 07:00:00,70978.11,71248.41,70873.13,70910.53,35965262.96
2026-03-25 08:00:00,70910.53,71484.85,70785.14,71231.33,55013448.76
2026-03-25 09:00:00,71231.33,71402.66,71083.89,71334.6,32029933.16
2026-03-25 10:00:00,71334.6,71614.5,71286.26,71488.69,41563470.91
2026-03-25 11:00:00,71488.69,72021.21,71461.34,71674.53,111561345.93
2026-03-25 12:00:00,71674.53,71936.54,71120.82,71710.27,107596100.4
2026-03-25 13:00:00,71710.27,71944.45,71507.75,71567.39,114070370.96
2026-03-25 14:00:00,71567.39,71679.9,71214.7,71222.01,109800001.15
2026-03-25 15:00:00,71222.01,71292.21,70556.3,70816.75,110394384.59
2026-03-25 16:00:00,70816.75,71725.53,70708.26,71311.7,113049872.28
2026-03-25 17:00:00,71311.7,71375.72,70701.1,70752.31,76926291.84
2026-03-25 18:00:00,70752.31,71129.01,70665.51,70785.38,65017193.48
2026-03-25 19:00:00,70785.38,71069.63,70752.25,70854.1,76979463.36
2026-03-25 20:00:00,70854.1,71033.88,70622.82,70986.89,54050470.77
2026-03-25 21:00:00,70986.89,71148.64,70928.78,71010.33,34142436.6
2026-03-25 22:00:00,71010.33,71541.99,70923.21,71349.91,55314118.9
2026-03-25 23:00:00,71349.91,71420.5,71161.78,71305.31,36530446.45
2026-03-26 00:00:00,71305.31,71409.93,71115.37,71273.58,48663351.42
2026-03-26 01:00:00,71273.58,71343.01,71131.14,71226.28,43767749.07
2026-03-26 02:00:00,71226.28,71259.84,70658.95,70861.61,62688628.59
2026-03-26 03:00:00,70861.61,70946.13,70661.8,70870.43,30954172.91
2026-03-26 04:00:00,70870.43,70879.92,70691.78,70741.55,25175261.86
2026-03-26 05:00:00,70741.55,70767.51,69916.55,69972.87,105580528.13
2026-03-26 06:00:00,69972.87,70113.83,69819.99,70057.76,62652428.85
2026-03-26 07:00:00,70057.76,70132.79,69771.53,70061.12,48715793.48
2026-03-26 08:00:00,70061.12,70098.2,69775.71,69987.59,49096892.61
2026-03-26 09:00:00,69987.59,70104.98,69377.97,69543.54,78901035.25
2026-03-26 10:00:00,69543.54,69686.78,69432.66,69483.56,42300261.18
2026-03-26 11:00:00,69483.56,69623.68,69165.48,69247.05,56304647.74
2026-03-26 12:00:00,69247.05,69428.9,69199.65,69405.99,63501434.73
2026-03-26 13:00:00,69405.99,69838.47,69184.67,69613.89,148488651.85
2026-03-26 14:00:00,69613.89,69804.94,69221.74,69444.28,132139258.91
2026-03-26 15:00:00,69444.28,69464.78,68671.31,69047.55,208397868.32
2026-03-26 16:00:00,69047.55,69047.79,68789.84,68882.57,115715582.65
2026-03-26 17:00:00,68882.57,69122.93,68355.4,68442.07,112772315.46
2026-03-26 18:00:00,68442.07,68563.17,68112.31,68446.4,141039395.44
2026-03-26 19:00:00,68446.4,68634.66,68310.62,68485.31,90962909.24
2026-03-26 20:00:00,68485.31,69424.85,68393.88,68960.36,140825831.69
2026-03-26 21:00:00,68960.36,69152.93,68835.04,68881.53,52226669.35
2026-03-26 22:00:00,68881.53,68987.07,68569.07,68847.17,56542897.35
2026-03-26 23:00:00,68847.17,68948.34,68595.18,68781.63,60278308.78
2026-03-27 00:00:00,68781.63,68926.36,68486.7,68736.59,61995959.21
2026-03-27 01:00:00,68736.59,69021.33,68655.72,69008.26,41640977.51
2026-03-27 02:00:00,69008.26,69134.01,68831.34,68870.85,37210414.87
2026-03-27 03:00:00,68870.85,68884.02,68639.27,68731.71,38658303.38
2026-03-27 04:00:00,68731.71,68755.43,68263,68537.54,59222092.76
2026-03-27 05:00:00,68537.54,68821.16,68473.43,68587.13,39294044.01
2026-03-27 06:00:00,68587.13,68807.93,68531.02,68624.17,32324283.54
2026-03-27 07:00:00,68624.17,68920.8,68411.05,68490.73,92689905.87
2026-03-27 08:00:00,68490.73,68586.79,67577.93,67882.57,107773818.07
2026-03-27 09:00:00,67882.57,67907.63,67516.98,67656.26,75238656.7
2026-03-27 10:00:00,67656.26,67735.16,66321.53,66471.75,168105050.12
2026-03-27 11:00:00,66471.75,66818.51,66222.47,66678.55,85499309.39
2026-03-27 12:00:00,66678.55,66742.25,66406.38,66590.28,85515095.05
2026-03-27 13:00:00,66590.28,66699.06,65985.45,66148.24,206226741.9
2026-03-27 14:00:00,66148.24,66365.68,65687.1,66162.14,255118015.49
2026-03-27 15:00:00,66162.14,66598.74,65926.73,66080.87,209607365.25
2026-03-27 16:00:00,66080.87,66133.81,65772.21,65941.64,137027019.78
2026-03-27 17:00:00,65941.64,66243.12,65560.85,65589.42,124783311.5
2026-03-27 18:00:00,65589.42,65905.56,65507.78,65790.56,136437262.38
2026-03-27 19:00:00,65790.56,66098.44,65652.45,65992.44,142666966.65
2026-03-27 20:00:00,65992.44,66102.19,65771.15,65971.79,81308319.74
2026-03-27 21:00:00,65971.79,66130.03,65960.42,66037.64,45320698.56
2026-03-27 22:00:00,66037.64,66046.55,65871.2,65980.74,29207942.68
2026-03-27 23:00:00,65980.74,66372.38,65928.63,66365.12,38538307.07
2026-03-28 00:00:00,66365.12,66472.39,66250.39,66388.28,41912386.89
2026-03-28 01:00:00,66388.28,66390.76,66020.04,66133.96,48506712.44
2026-03-28 02:00:00,66133.96,66205.05,65892.41,66011.58,35192368.28
2026-03-28 03:00:00,66011.58,66199.16,66011.45,66190.35,24472553.37
2026-03-28 04:00:00,66190.35,66261.23,66071.51,66239.83,19720565.66
2026-03-28 05:00:00,66239.83,66339.97,66166.02,66309.02,20810762.18
2026-03-28 06:00:00,66309.02,66453.08,66265.08,66353.14,23908802.17
2026-03-28 07:00:00,66353.14,66523.35,66341.15,66513.39,19063344.48
2026-03-28 08:00:00,66513.39,66521.3,66349.69,66371.71,25890901.86
2026-03-28 09:00:00,66371.71,66372.4,66201.86,66263.77,20270727.45
2026-03-28 10:00:00,66263.77,66365.23,66085.72,66181.37,17576712
2026-03-28 11:00:00,66181.37,66315.67,66159.24,66279.75,20254932.65
2026-03-28 12:00:00,66279.75,66483.76,66196.3,66414.76,28308751.66
2026-03-28 13:00:00,66414.76,67110.18,66366.08,66800.37,87097653.54
2026-03-28 14:00:00,66800.37,66921.5,66622.79,66702.45,50603092.33
2026-03-28 15:00:00,66702.45,67248.52,66673.97,66968.7,65199154.7
2026-03-28 16:00:00,66968.7,67051.4,66806.57,66879.61,37198587.7
2026-03-28 17:00:00,66879.61,66948.14,66659.78,66804.84,32129175.78
2026-03-28 18:00:00,66804.84,66907.43,66792.06,66870.33,26956277.65
2026-03-28 19:00:00,66870.33,66910.57,66763.9,66869.2,21878576.84
2026-03-28 20:00:00,66869.2,66965.21,66858.02,66877.11,35170950.54
2026-03-28 21:00:00,66877.11,66883.41,66549.54,66640.25,26659208.33
2026-03-28 22:00:00,66640.25,66742.62,66548.68,66707,26430862.42
2026-03-28 23:00:00,66707,66707.2,66234.54,66327.41,46533989.62
2026-03-29 00:00:00,66327.41,66454.64,66237.77,66440.1,33925602.51
2026-03-29 01:00:00,66440.1,66574.88,66337.63,66522.64,36201579.25
2026-03-29 02:00:00,66522.64,66791.21,66495.05,66759.51,34567889.9
2026-03-29 03:00:00,66759.51,67075.8,66712.47,66863.18,35560980.07
2026-03-29 04:00:00,66863.18,66891.05,66672.72,66688.94,15541312.52
2026-03-29 05:00:00,66688.94,66763.26,66549.63,66726.8,22306944.79
2026-03-29 06:00:00,66726.8,66823.43,66595.61,66687.99,15714844.37
2026-03-29 07:00:00,66687.99,66697.48,66511.65,66621.71,16493052.97
2026-03-29 08:00:00,66621.71,66726.22,66554.1,66674.72,17752655.4
2026-03-29 09:00:00,66674.72,66724.81,66499.08,66579.56,21704811.59
2026-03-29 10:00:00,66579.56,66579.66,66367.64,66461.15,24454447.89
2026-03-29 11:00:00,66461.15,66936.69,66461.14,66766.86,29393243.42
2026-03-29 12:00:00,66766.86,66822.26,66655.46,66800.3,24937659.42
2026-03-29 13:00:00,66800.3,66824.92,66483.85,66529.73,34789165.95
2026-03-29 14:00:00,66529.73,66744.26,66411.37,66542.84,38980605.01
2026-03-29 15:00:00,66542.84,66675.7,66282.33,66478.91,48723564.46
2026-03-29 16:00:00,66478.91,66613.28,66382.26,66447.31,42597700
2026-03-29 17:00:00,66447.31,66491.16,66106.21,66334.39,42510312.03
2026-03-29 18:00:00,66334.39,66489.25,66272.12,66380,20671991.55
2026-03-29 19:00:00,66380,66434.63,66276.07,66306.58,26174805.97
2026-03-29 20:00:00,66306.58,66742.62,66302.28,66564.01,45684273.05
2026-03-29 21:00:00,66564.01,66710.15,66470.43,66665.5,29231428.45
2026-03-29 22:00:00,66665.5,66668.43,64960.31,65814.09,196726377.4
2026-03-29 23:00:00,65814.09,66330.43,65813.01,65967.75,130748404.11
2026-03-30 00:00:00,65967.75,67004.88,65754.18,66231.8,165708851.38
2026-03-30 01:00:00,66231.8,66784.84,66231.8,66604.81,101416829.36
2026-03-30 02:00:00,66604.81,67389.1,66531.22,67068.29,141360746.56
2026-03-30 03:00:00,67068.29,67260.94,66932.05,67119.14,76210402.77
2026-03-30 04:00:00,67119.14,67597.31,67114.53,67565.12,82898964.11
2026-03-30 05:00:00,67565.12,67752.54,67390.61,67443.69,72265103.25
2026-03-30 06:00:00,67443.69,67532.56,67234.11,67259.54,61313092.97
2026-03-30 07:00:00,67259.54,67576.57,67185.55,67576.43,60606055.12
2026-03-30 08:00:00,67576.43,67887.58,67558.91,67623.73,88911877
2026-03-30 09:00:00,67623.73,67648.52,67409.53,67451.37,56309506.06
2026-03-30 10:00:00,67451.37,67466.01,67311.45,67441.49,53067725.04
2026-03-30 11:00:00,67441.49,67937.37,67435.43,67628.04,84766155.93
2026-03-30 12:00:00,67628.04,67930.18,67614.93,67855.81,80272439.85
2026-03-30 13:00:00,67855.81,68118.37,67394.53,67477.48,177542486.89
2026-03-30 14:00:00,67477.48,67825.73,67047.63,67762.48,193667247.21
2026-03-30 15:00:00,67762.48,67858.38,67368.87,67584.54,131047470.65
2026-03-30 16:00:00,67584.54,67602.15,67179.69,67319.07,100507964.65
2026-03-30 17:00:00,67319.07,67426.44,66594.48,66781.05,131920743.85
2026-03-30 18:00:00,66781.05,66872.29,66469.17,66604.11,92629331.9
2026-03-30 19:00:00,66604.11,66615.9,66412.78,66447.62,14272549.12
